EXECUTION_TIMESTAMP,PRICE_NOTATION,ROUNDED_NOTIONAL_AMOUNT_1,Payment,EXCEEDS_ROUNDED_NOTIONAL_AMOUNT,CANCEL,CORRECT,NEW,Number_of_observations,CANCEL_ONLY,CORRECT_ONLY,NEW_ONLY
2016-01-04,100.5112288095238,12319285.714285715,123766.30004761905,0,0,0,42.0,42,0,0,42.0
2016-01-05,100.62164838709677,18541612.903225806,186566.93661290323,0,2,1,28.0,31,1,1,26.0
2016-01-06,100.2455128205128,19610769.230769232,196567.87948717948,1,0,0,39.0,39,0,0,39.0
2016-01-07,106.547705,22114500.0,223795.57210000002,2,1,0,59.0,60,1,0,58.0
2016-01-08,109.84726705882353,25832482.352941178,267000.4932235294,4,1,0,84.0,85,1,0,83.0
2016-01-09,,,,0,0,0,0.0,0,0,0,0.0
2016-01-10,,,,0,0,0,0.0,0,0,0,0.0
2016-01-11,109.00384883720928,18461395.348837208,193026.271927907,1,1,0,42.0,43,1,0,41.0
2016-01-12,115.58376410256413,23471025.64102564,250187.773,2,4,1,73.0,78,3,1,69.0
2016-01-13,106.93007946428574,24763928.57142857,265720.93835714285,4,0,0,56.0,56,0,0,56.0
2016-01-14,103.7823838372093,20224302.325581394,204846.18074418604,1,5,2,79.0,86,3,2,74.0
2016-01-15,98.09236128571426,24002857.14285714,235593.05434285713,3,1,1,68.0,70,0,1,67.0
2016-01-16,,,,0,0,0,0.0,0,0,0,0.0
2016-01-17,,,,0,0,0,0.0,0,0,0,0.0
2016-01-18,,,,0,0,0,0.0,0,0,0,0.0
2016-01-19,98.245287012987,16517662.337662337,162732.1272727273,2,9,3,65.0,77,6,3,56.0
2016-01-20,98.2614475409836,28845491.80327869,284835.67640983604,12,4,1,117.0,122,3,1,113.0
2016-01-21,98.41259680851067,19358510.63829787,190557.64999999997,0,7,2,85.0,94,5,2,78.0
2016-01-22,99.8601029411765,24979411.76470588,250212.39102941175,2,5,4,59.0,68,1,4,54.0
2016-01-23,,,,0,0,0,0.0,0,0,0,0.0
2016-01-24,,,,0,0,0,0.0,0,0,0,0.0
2016-01-25,99.40386000000004,25468333.333333332,255134.78433333331,6,4,2,54.0,60,2,2,50.0
2016-01-26,99.21245344827584,23827586.20689655,237058.3863793103,0,1,0,57.0,58,1,0,56.0
2016-01-27,99.13571249999998,17635156.25,174907.23539062502,1,2,0,62.0,64,2,0,60.0
2016-01-28,99.91237594936709,21045998.734177217,211051.95575316454,2,4,1,74.0,79,3,1,70.0
2016-01-29,99.93311846153844,20452769.230769232,204292.09126923076,1,1,0,64.0,65,1,0,63.0
2016-01-30,,,,0,0,0,0.0,0,0,0,0.0
2016-01-31,,,,0,0,0,0.0,0,0,0,0.0
2016-02-01,109.68208529411766,15174411.764705881,161167.92970588233,1,1,0,33.0,34,1,0,32.0
2016-02-02,132.85326470588234,16208627.450980391,183252.96450980392,2,0,0,51.0,51,0,0,51.0
2016-02-03,112.83651967213116,22260655.737704918,231202.9131147541,1,4,2,55.0,61,2,2,51.0
2016-02-04,110.74328250000005,13917500.0,149361.5322,0,4,1,35.0,40,3,1,31.0
2016-02-05,98.83533333333335,20907246.376811594,207706.28632608696,3,2,1,66.0,69,1,1,64.0
2016-02-06,,,,0,0,0,0.0,0,0,0,0.0
2016-02-07,,,,0,0,0,0.0,0,0,0,0.0
2016-02-08,110.43731176470591,18925882.352941178,200903.58022058825,2,4,1,63.0,68,3,1,59.0
2016-02-09,111.32533529411768,16607205.88235294,186537.78823529414,1,2,0,66.0,68,2,0,64.0
2016-02-10,122.3046064935065,17857142.85714286,216088.20701298703,3,2,0,75.0,77,2,0,73.0
2016-02-11,103.7474926470588,18790735.29411765,199579.52536764706,4,1,1,66.0,68,0,1,65.0
2016-02-12,104.71019985714291,29642142.85714286,301655.17885,5,2,2,66.0,70,0,2,64.0
2016-02-13,,,,0,0,0,0.0,0,0,0,0.0
2016-02-14,,,,0,0,0,0.0,0,0,0,0.0
2016-02-15,,,,0,0,0,0.0,0,0,0,0.0
2016-02-16,97.50278750000001,22352500.0,218621.89050000004,2,0,0,40.0,40,0,0,40.0
2016-02-17,110.88915694444448,22740000.0,230341.43111111113,1,1,1,70.0,72,0,1,69.0
2016-02-18,105.86806852459014,18850491.80327869,190249.80095081966,2,5,0,56.0,61,5,0,51.0
2016-02-19,132.70341463414633,16013170.731707318,256189.44582926828,1,3,1,37.0,41,2,1,34.0
2016-02-20,,,,0,0,0,0.0,0,0,0,0.0
2016-02-21,,,,0,0,0,0.0,0,0,0,0.0
2016-02-22,98.27902757575754,23769696.96969697,234344.0895272727,2,3,0,63.0,66,3,0,60.0
2016-02-23,103.06495555555556,22337777.777777776,228738.45101851854,2,1,0,53.0,54,1,0,52.0
2016-02-24,104.26992564102565,31477307.692307692,316651.64594871795,10,2,0,76.0,78,2,0,74.0
2016-02-25,113.21179999999997,19552666.666666668,207253.1595,2,1,0,59.0,60,1,0,58.0
2016-02-26,105.85764612903226,17889193.548387095,184259.65390064503,1,5,2,55.0,62,3,2,50.0
2016-02-27,,,,0,0,0,0.0,0,0,0,0.0
2016-02-28,,,,0,0,0,0.0,0,0,0,0.0
2016-02-29,113.51186051724135,11537931.034482758,125100.1305344828,1,3,1,54.0,58,2,1,51.0
2016-03-01,116.92093888888891,19433888.888888888,199786.65759999998,2,1,0,71.0,72,1,0,70.0
2016-03-02,97.55220264705883,29707205.88235294,205244.34219117646,1,3,1,64.0,68,2,1,61.0
2016-03-03,112.94813880597016,35117313.43283582,364137.1767164179,7,9,5,53.0,67,4,5,44.0
2016-03-04,111.03407288135604,22346016.949152544,232004.31035593222,3,8,2,108.0,118,6,2,100.0
2016-03-05,,,,0,0,0,0.0,0,0,0,0.0
2016-03-06,,,,0,0,0,0.0,0,0,0,0.0
2016-03-07,106.868040625,18834375.0,193724.64898437503,3,0,0,64.0,64,0,0,64.0
2016-03-08,106.10668783783788,15521486.486486487,160045.34749054056,1,0,0,74.0,74,0,0,74.0
2016-03-09,109.38477500000003,7598636.363636363,79144.20407954547,0,0,0,44.0,44,0,0,44.0
2016-03-10,109.99655116279065,21101046.51162791,222063.20586279072,6,1,0,85.0,86,1,0,84.0
2016-03-11,105.90434150943389,24134792.452830188,249366.41222641504,2,2,2,102.0,106,0,2,100.0
2016-03-12,,,,0,0,0,0.0,0,0,0,0.0
2016-03-13,,,,0,0,0,0.0,0,0,0,0.0
2016-03-14,102.07149833333338,16148500.0,164963.3735416667,0,4,0,56.0,60,4,0,52.0
2016-03-15,102.11387407407408,22941481.48148148,234200.34685185185,4,0,0,54.0,54,0,0,54.0
2016-03-16,95.15732959999995,19318960.0,171821.06853199998,6,5,3,117.0,125,2,3,112.0
2016-03-17,102.57843529411764,19486029.411764707,199415.5602044118,5,0,0,68.0,68,0,0,68.0
2016-03-18,103.15215573770486,23141639.344262294,239083.46259836064,3,3,0,58.0,61,3,0,55.0
2016-03-19,,,,0,0,0,0.0,0,0,0,0.0
2016-03-20,,,,0,0,0,0.0,0,0,0,0.0
2016-03-21,102.73671176470592,22976470.588235293,235042.46411764706,0,0,0,34.0,34,0,0,34.0
2016-03-22,102.75750161290325,17177419.35483871,177137.07096774198,1,1,0,61.0,62,1,0,60.0
2016-03-23,102.4907681818182,15697121.212121213,160877.53940151515,2,1,0,65.0,66,1,0,64.0
2016-03-24,101.85840999999996,20702666.666666668,210731.0712666667,0,0,0,60.0,60,0,0,60.0
2016-03-25,,,,0,0,0,0.0,0,0,0,0.0
2016-03-26,,,,0,0,0,0.0,0,0,0,0.0
2016-03-27,,,,0,0,0,0.0,0,0,0,0.0
2016-03-28,104.87468837209298,40708449.6124031,414311.48856589146,28,1,0,128.0,129,1,0,127.0
2016-03-29,101.56083943661969,30024816.901408453,305235.71156619716,31,5,0,208.0,213,5,0,203.0
2016-03-30,104.95970904411763,26057720.588235293,266793.8699668382,14,2,0,134.0,136,2,0,132.0
2016-03-31,102.75078543103446,15477155.172413792,159623.04273275865,3,1,1,114.0,116,0,1,113.0
2016-04-01,102.6182689189189,14477702.702702703,148563.88961486483,0,3,0,71.0,74,3,0,68.0
2016-04-02,,,,0,0,0,0.0,0,0,0,0.0
2016-04-03,,,,0,0,0,0.0,0,0,0,0.0
2016-04-04,102.28247692307691,19781538.46153846,203276.71724358972,4,1,0,77.0,78,1,0,76.0
2016-04-05,102.19760396039605,27519702.97029703,281371.136049505,9,1,1,99.0,101,0,1,98.0
2016-04-06,102.36210285714284,19353142.85714286,197844.72814285714,4,2,0,68.0,70,2,0,66.0
2016-04-07,101.81655316831684,19096534.653465346,194844.3989504951,5,6,2,93.0,101,4,2,87.0
2016-04-08,102.17118804347821,11606956.52173913,118585.00371630439,0,6,3,83.0,92,3,3,77.0
2016-04-09,,,,0,0,0,0.0,0,0,0,0.0
2016-04-10,,,,0,0,0,0.0,0,0,0,0.0
2016-04-11,102.31761200000004,22326400.0,228358.87088,2,1,1,48.0,50,0,1,47.0
2016-04-12,102.39763500000001,18046666.666666668,185177.38499999995,0,2,0,58.0,60,2,0,56.0
2016-04-13,102.68500219780215,15897692.307692308,163489.4766373626,2,6,4,81.0,91,2,4,75.0
2016-04-14,103.16243620689653,20174137.931034483,208804.36086206895,1,3,0,55.0,58,3,0,52.0
2016-04-15,102.86937826086958,29437173.913043477,303802.6748391305,3,1,1,44.0,46,0,1,43.0
2016-04-16,,,,0,0,0,0.0,0,0,0,0.0
2016-04-17,,,,0,0,0,0.0,0,0,0,0.0
2016-04-18,102.4103861111111,20495000.0,210327.7773611111,3,0,0,36.0,36,0,0,36.0
2016-04-19,103.27188108108108,17938918.91891892,185294.42380270275,0,0,0,37.0,37,0,0,37.0
2016-04-20,102.73061916666661,25250000.0,259090.56083333332,6,12,0,84.0,96,12,0,72.0
2016-04-21,103.41184509803917,19146470.588235293,198406.08219607847,0,2,2,47.0,51,0,2,45.0
2016-04-22,103.40977225806452,9481290.322580645,98046.4375967742,0,1,0,30.0,31,1,0,29.0
2016-04-23,,,,0,0,0,0.0,0,0,0,0.0
2016-04-24,,,,0,0,0,0.0,0,0,0,0.0
2016-04-25,102.86380606060605,23678787.87878788,245048.5887878788,0,2,1,30.0,33,1,1,28.0
2016-04-26,103.17042340000002,22225800.0,229316.2941,2,3,1,46.0,50,2,1,43.0
2016-04-27,103.31976999999995,20202962.962962963,208737.6062962963,2,3,1,50.0,54,2,1,47.0
2016-04-28,103.24222770114945,16937011.49425287,175019.24978735633,0,7,2,78.0,87,5,2,71.0
2016-04-29,102.83008965517244,17839540.229885057,183831.1074712644,3,4,0,83.0,87,4,0,79.0
2016-04-30,,,,0,0,0,0.0,0,0,0,0.0
2016-05-01,,,,0,0,0,0.0,0,0,0,0.0
2016-05-02,102.83024897435895,13906666.666666666,142943.89612820515,0,5,2,32.0,39,3,2,27.0
2016-05-03,91.59210394366191,15643239.436619718,136171.13873239435,0,9,3,59.0,71,6,3,50.0
2016-05-04,102.07453015384613,21288769.230769232,217304.37201538464,2,5,2,58.0,65,3,2,53.0
2016-05-05,102.09605000000005,23460660.0,239443.36782,3,1,0,49.0,50,1,0,48.0
2016-05-06,102.16331702127655,13344361.70212766,136582.04002127657,1,14,5,75.0,94,9,5,61.0
2016-05-07,,,,0,0,0,0.0,0,0,0,0.0
2016-05-08,,,,0,0,0,0.0,0,0,0,0.0
2016-05-09,101.8851482191781,12104520.547945205,124126.70699863014,2,6,1,66.0,73,5,1,60.0
2016-05-10,102.6025774193548,26310161.29032258,271123.3412903226,5,2,2,58.0,62,0,2,56.0
2016-05-11,102.64528986842106,20238552.63157895,207970.61259605264,1,3,2,71.0,76,1,2,68.0
2016-05-12,102.48824937500002,11249375.0,115304.48584375,0,1,0,31.0,32,1,0,30.0
2016-05-13,102.37168937499997,11421875.0,116949.6361875,0,0,0,32.0,32,0,0,32.0
2016-05-14,,,,0,0,0,0.0,0,0,0,0.0
2016-05-15,,,,0,0,0,0.0,0,0,0,0.0
2016-05-16,102.23966755555556,16968888.888888888,173426.84368888888,0,3,0,42.0,45,3,0,39.0
2016-05-17,102.18809604651165,14279069.767441861,146770.56186046512,0,2,0,41.0,43,2,0,39.0
2016-05-18,101.96362238095236,18060793.65079365,184071.58641269844,1,3,2,58.0,63,1,2,55.0
2016-05-19,101.31825703124997,13323437.5,135217.206,0,4,0,60.0,64,4,0,56.0
2016-05-20,102.22121970588235,31333529.411764707,322089.76730588236,7,4,3,27.0,34,1,3,23.0
2016-05-21,,,,0,0,0,0.0,0,0,0,0.0
2016-05-22,,,,0,0,0,0.0,0,0,0,0.0
2016-05-23,101.48343972972972,6283783.783783784,63848.51978378379,0,4,1,32.0,37,3,1,28.0
2016-05-24,102.14994465517245,15308482.75862069,157707.955779069,2,0,0,58.0,58,0,0,58.0
2016-05-25,102.937529875,18638000.0,192554.55595250003,2,1,0,79.0,80,1,0,78.0
2016-05-26,103.20966404255316,22105106.382978722,228379.66411914895,1,0,0,47.0,47,0,0,47.0
2016-05-27,102.97135289473685,21278947.36842105,219330.28560526317,0,0,0,38.0,38,0,0,38.0
2016-05-28,,,,0,0,0,0.0,0,0,0,0.0
2016-05-29,,,,0,0,0,0.0,0,0,0,0.0
2016-05-30,,,,0,0,0,0.0,0,0,0,0.0
2016-05-31,102.65009975000001,14017500.0,144165.29303,0,0,0,40.0,40,0,0,40.0
2016-06-01,102.63016839285714,20982142.85714286,215453.16705357138,5,3,3,50.0,56,0,3,47.0
2016-06-02,98.28235231884054,26303405.79710145,228776.9600072464,3,3,1,65.0,69,2,1,62.0
2016-06-03,102.54530116279074,18139767.441860463,186026.8551162791,3,4,0,82.0,86,4,0,78.0
2016-06-04,,,,0,0,0,0.0,0,0,0,0.0
2016-06-05,,,,0,0,0,0.0,0,0,0,0.0
2016-06-06,103.53646138888888,18739444.444444444,194881.29874999996,1,0,0,36.0,36,0,0,36.0
2016-06-07,97.51461057142858,15924285.714285715,155844.75211428571,2,4,0,66.0,70,4,0,62.0
2016-06-08,103.75898020408167,23063061.224489797,240987.65214285714,2,1,0,48.0,49,1,0,47.0
2016-06-09,103.19672541666665,23827291.666666668,246326.9895,1,2,0,46.0,48,2,0,44.0
2016-06-10,102.62464629032263,13066129.032258065,134342.12120967743,0,1,1,60.0,62,0,1,59.0
2016-06-11,,,,0,0,0,0.0,0,0,0,0.0
2016-06-12,102.39359999999999,2000000.0,20478.72,0,0,0,2.0,2,0,0,2.0
2016-06-13,96.7110692307693,15185192.307692308,126713.39359615385,0,3,0,49.0,52,3,0,46.0
2016-06-14,101.36720681818183,23551401.515151516,240349.0021969697,7,5,4,123.0,132,1,4,118.0
2016-06-15,102.28328082191777,25642465.75342466,263382.9863013699,5,4,3,66.0,73,1,3,62.0
2016-06-16,101.9186260869565,16904782.608695652,172363.55744347832,1,7,1,107.0,115,6,1,100.0
2016-06-17,102.21193111111113,19574666.666666668,200129.90017777777,2,1,0,44.0,45,1,0,43.0
2016-06-18,,,,0,0,0,0.0,0,0,0,0.0
2016-06-19,,,,0,0,0,0.0,0,0,0,0.0
2016-06-20,103.14081999999998,15354090.909090908,157950.3002272727,0,4,2,38.0,44,2,2,34.0
2016-06-21,103.14197833333331,27074166.875,282022.54463555204,8,10,1,85.0,96,9,1,75.0
2016-06-22,102.98947800000005,17836400.0,183836.51334666667,2,0,0,75.0,75,0,0,75.0
2016-06-23,103.29089531249998,16218750.0,167543.87015625,1,0,0,64.0,64,0,0,64.0
2016-06-24,101.77954291666668,27841708.333333332,283263.0602066666,14,1,0,119.0,120,1,0,118.0
2016-06-25,,,,0,0,0,0.0,0,0,0,0.0
2016-06-26,,,,0,0,0,0.0,0,0,0,0.0
2016-06-27,101.29840533333339,19742190.476190478,199837.90089523807,6,3,1,101.0,105,2,1,98.0
2016-06-28,101.7289409,18082500.0,183753.0747,5,3,0,97.0,100,3,0,94.0
2016-06-29,102.4898504347826,14777934.782608695,151623.26888695653,0,0,0,92.0,92,0,0,92.0
2016-06-30,102.71313735294119,18170735.29411765,187434.10254411763,1,0,0,68.0,68,0,0,68.0
2016-07-01,103.27799565217391,23693478.260869566,245273.60478260872,3,0,0,46.0,46,0,0,46.0
2016-07-02,,,,0,0,0,0.0,0,0,0,0.0
2016-07-03,,,,0,0,0,0.0,0,0,0,0.0
2016-07-04,,,,0,0,0,0.0,0,0,0,0.0
2016-07-05,102.75593291666665,18548333.333333332,190916.62795833335,0,0,0,48.0,48,0,0,48.0
2016-07-06,102.86745999999995,17754000.0,183169.57590000003,1,2,0,48.0,50,2,0,46.0
2016-07-07,103.23152489795922,12363673.469387755,127660.2954163265,1,2,0,47.0,49,2,0,45.0
2016-07-08,97.35904937499998,14302500.0,148277.47493750002,2,5,1,58.0,64,4,1,53.0
2016-07-09,,,,0,0,0,0.0,0,0,0,0.0
2016-07-10,,,,0,0,0,0.0,0,0,0,0.0
2016-07-11,98.01567925373134,15777910.447761195,164792.85958208956,0,4,1,62.0,67,3,1,58.0
2016-07-12,104.6904641975309,22805308.64197531,238581.77123456795,6,5,2,74.0,81,3,2,69.0
2016-07-13,103.0911280821918,29178904.10958904,296596.00224657543,7,3,1,69.0,73,2,1,66.0
2016-07-14,104.6588677586207,17234482.75862069,180673.16175862064,0,3,0,55.0,58,3,0,52.0
2016-07-15,105.21884285714285,30452380.95238095,322519.9576190476,0,1,0,20.0,21,1,0,19.0
2016-07-16,,,,0,0,0,0.0,0,0,0,0.0
2016-07-17,,,,0,0,0,0.0,0,0,0,0.0
2016-07-18,103.81208571428571,13487500.0,141014.06953571428,0,0,0,28.0,28,0,0,28.0
2016-07-19,104.3358075555555,15392000.0,160970.98739111112,0,1,0,44.0,45,1,0,43.0
2016-07-20,98.84753206896549,31775862.068965517,301578.39758620696,7,4,1,53.0,58,3,1,49.0
2016-07-21,104.31598754385968,24287192.98245614,253977.68483684212,2,3,0,54.0,57,3,0,51.0
2016-07-22,104.00779135135137,14321891.891891891,148711.74267567566,0,0,0,37.0,37,0,0,37.0
2016-07-23,,,,0,0,0,0.0,0,0,0,0.0
2016-07-24,,,,0,0,0,0.0,0,0,0,0.0
2016-07-25,104.56841874999998,17165625.0,179482.20740625,0,0,0,32.0,32,0,0,32.0
2016-07-26,90.99650020833336,10855208.333333334,100091.94402083334,0,7,2,39.0,48,5,2,32.0
2016-07-27,104.23284761904762,12642857.142857144,131731.04761904763,0,3,2,37.0,42,1,2,34.0
2016-07-28,103.87055837209302,12280930.232558139,127759.83919604654,0,1,0,42.0,43,1,0,41.0
2016-07-29,102.91983492063495,14974603.174603175,151811.83968253972,0,3,0,60.0,63,3,0,57.0
2016-07-30,,,,0,0,0,0.0,0,0,0,0.0
2016-07-31,,,,0,0,0,0.0,0,0,0,0.0
2016-08-01,103.47217180000005,17200000.0,178520.1105,0,0,0,50.0,50,0,0,50.0
2016-08-02,100.88899305882352,17056235.29411765,174661.42114117648,4,9,2,74.0,85,7,2,65.0
2016-08-03,103.68184470588234,19774117.647058822,205672.93475588236,3,1,1,49.0,51,0,1,48.0
2016-08-04,104.24167647058823,25083823.529411763,263340.28279411764,2,7,1,60.0,68,6,1,53.0
2016-08-05,104.21558888888887,12196444.444444444,127432.2817422222,0,2,0,43.0,45,2,0,41.0
2016-08-06,,,,0,0,0,0.0,0,0,0,0.0
2016-08-07,,,,0,0,0,0.0,0,0,0,0.0
2016-08-08,104.11325000000002,15098717.948717948,158021.21399999998,0,3,3,33.0,39,0,3,30.0
2016-08-09,104.87498970588231,16542352.94117647,173415.40132352943,1,3,2,29.0,34,1,2,26.0
2016-08-10,104.30819166666667,21228666.666666668,222352.03483333334,2,1,1,29.0,30,0,1,28.0
2016-08-11,93.20663333333331,9555563.888888888,100766.83277777779,0,2,0,16.0,18,2,0,14.0
2016-08-12,105.00796153846153,16730769.23076923,176425.90769230772,0,2,0,24.0,26,2,0,22.0
2016-08-13,,,,0,0,0,0.0,0,0,0,0.0
2016-08-14,,,,0,0,0,0.0,0,0,0,0.0
2016-08-15,104.48832415094344,28726226.41509434,300588.08439622645,8,3,3,47.0,53,0,3,44.0
2016-08-16,104.74982272727274,17108181.818181816,179724.26993181815,0,4,0,40.0,44,4,0,36.0
2016-08-17,104.89118979591835,17040816.326530613,179493.92010204084,0,5,2,42.0,49,3,2,37.0
2016-08-18,104.58577,14130000.0,148218.69866666666,0,1,1,28.0,30,0,1,27.0
2016-08-19,104.64199999999995,23453513.513513513,246077.8041081081,1,1,0,36.0,37,1,0,35.0
2016-08-20,,,,0,0,0,0.0,0,0,0,0.0
2016-08-21,,,,0,0,0,0.0,0,0,0,0.0
2016-08-22,103.67194791666667,25791666.666666668,264287.5027083333,1,0,0,24.0,24,0,0,24.0
2016-08-23,104.0213581081081,18338918.91891892,189961.75186486487,2,0,0,37.0,37,0,0,37.0
2016-08-24,104.78708115384615,15000000.0,157991.70223076924,0,1,0,25.0,26,1,0,24.0
2016-08-25,104.5840367307692,13946153.846153846,146809.202,0,0,0,52.0,52,0,0,52.0
2016-08-26,104.18969230769228,14070256.41025641,147242.13553846156,0,2,0,37.0,39,2,0,35.0
2016-08-27,,,,0,0,0,0.0,0,0,0,0.0
2016-08-28,,,,0,0,0,0.0,0,0,0,0.0
2016-08-29,104.66626842105265,12873684.210526315,134750.5305263158,0,0,0,19.0,19,0,0,19.0
2016-08-30,104.42902954545457,12806818.181818182,134104.3131818182,1,4,2,38.0,44,2,2,34.0
2016-08-31,104.36771126760559,17717323.943661973,185323.090528169,1,0,0,71.0,71,0,0,71.0
2016-09-01,104.31694750000001,14707500.0,153449.43675000002,1,1,0,39.0,40,1,0,38.0
2016-09-02,104.33989473684208,15228157.894736841,159845.0186842105,0,0,0,38.0,38,0,0,38.0
2016-09-03,,,,0,0,0,0.0,0,0,0,0.0
2016-09-04,,,,0,0,0,0.0,0,0,0,0.0
2016-09-05,,,,0,0,0,0.0,0,0,0,0.0
2016-09-06,104.11327400000002,14490285.714285715,150961.15070685715,0,0,0,35.0,35,0,0,35.0
2016-09-07,104.68982580645161,24920645.16129032,261255.75,3,2,2,27.0,31,0,2,25.0
2016-09-08,99.32171714285715,14022571.42857143,144518.6097142857,1,2,0,33.0,35,2,0,31.0
2016-09-09,97.60652892857141,29156309.523809522,286388.97714285715,11,8,5,71.0,84,3,5,63.0
2016-09-10,,,,0,0,0,0.0,0,0,0,0.0
2016-09-11,,,,0,0,0,0.0,0,0,0,0.0
2016-09-12,103.97453792682929,20064329.268292684,208716.99874390243,3,2,1,79.0,82,1,1,77.0
2016-09-13,103.78431929824558,15919649.122807018,165194.06517894735,5,4,2,108.0,114,2,2,104.0
2016-09-14,103.35082865671643,16343283.582089553,168995.9406567164,0,0,0,67.0,67,0,0,67.0
2016-09-15,103.78401473684212,20807017.54385965,215951.4934912281,2,4,0,53.0,57,4,0,49.0
2016-09-16,103.58680357142858,10398214.285714285,107719.76455357144,0,0,0,28.0,28,0,0,28.0
2016-09-17,,,,0,0,0,0.0,0,0,0,0.0
2016-09-18,,,,0,0,0,0.0,0,0,0,0.0
2016-09-19,103.1452467857143,19821428.57142857,205532.58178571428,1,0,0,28.0,28,0,0,28.0
2016-09-20,96.20100807692305,18269230.769230768,183760.65784615383,1,7,3,42.0,52,4,3,35.0
2016-09-21,103.61112419354835,32823467.741935484,338421.0297419355,8,5,4,53.0,62,1,4,48.0
2016-09-22,104.85518608108111,19132162.162162162,200595.9657362162,1,1,0,73.0,74,1,0,72.0
2016-09-23,104.29073833333334,23657142.85714286,247846.30214285717,2,0,0,42.0,42,0,0,42.0
2016-09-24,,,,0,0,0,0.0,0,0,0,0.0
2016-09-25,,,,0,0,0,0.0,0,0,0,0.0
2016-09-26,103.76737800000006,20433333.333333332,212514.41933333332,3,3,2,40.0,45,1,2,37.0
2016-09-27,103.98995445312488,47545500.0,494424.76381093747,70,17,1,238.0,256,16,1,221.0
2016-09-28,104.39459724489807,32596428.57142857,341481.8503979592,13,4,1,93.0,98,3,1,89.0
2016-09-29,103.84692820224714,30224719.101123594,314883.8296179775,12,2,1,86.0,89,1,1,84.0
2016-09-30,104.07666731182795,23578000.0,246445.12675806452,5,2,1,90.0,93,1,1,88.0
2016-10-01,,,,0,0,0,0.0,0,0,0,0.0
2016-10-02,,,,0,0,0,0.0,0,0,0,0.0
2016-10-03,104.16210333333335,22498596.49122807,235538.74802105266,2,0,0,57.0,57,0,0,57.0
2016-10-04,104.69517895652177,26666739.13043478,280937.6258508696,4,7,4,104.0,115,3,4,97.0
2016-10-05,104.50975555555554,21395238.095238097,225209.44150158728,0,2,0,61.0,63,2,0,59.0
2016-10-06,104.34478342105267,27877105.263157893,291787.2255921053,5,1,0,75.0,76,1,0,74.0
2016-10-07,104.47115283018876,15898113.20754717,166167.19221698114,0,2,0,51.0,53,2,0,49.0
2016-10-08,,,,0,0,0,0.0,0,0,0,0.0
2016-10-09,,,,0,0,0,0.0,0,0,0,0.0
2016-10-10,,,,0,0,0,0.0,0,0,0,0.0
2016-10-11,104.27792500000002,18776470.588235293,196341.85044117647,1,4,2,62.0,68,2,2,58.0
2016-10-12,104.22901585365851,22414634.14634146,234972.85878048782,0,1,0,40.0,41,1,0,39.0
2016-10-13,104.21772789473688,26456140.350877192,275981.93543859647,3,0,0,57.0,57,0,0,57.0
2016-10-14,104.29242280701752,16645789.47368421,173596.66456140354,1,3,0,54.0,57,3,0,51.0
2016-10-15,,,,0,0,0,0.0,0,0,0,0.0
2016-10-16,,,,0,0,0,0.0,0,0,0,0.0
2016-10-17,,,,0,0,0,0.0,0,0,0,0.0
2016-10-18,,,,0,0,0,0.0,0,0,0,0.0
2016-10-19,,,,0,0,0,0.0,0,0,0,0.0
2016-10-20,,,,0,0,0,0.0,0,0,0,0.0
2016-10-21,,,,0,0,0,0.0,0,0,0,0.0
2016-10-22,,,,0,0,0,0.0,0,0,0,0.0
2016-10-23,,,,0,0,0,0.0,0,0,0,0.0
2016-10-24,104.80612962962961,28330000.0,298102.7118518519,2,0,0,27.0,27,0,0,27.0
2016-10-25,104.43935882352942,12282058.823529411,128264.52692647059,0,0,0,34.0,34,0,0,34.0
2016-10-26,104.41423846153846,18442307.692307692,192862.14711538464,3,2,2,48.0,52,0,2,46.0
2016-10-27,104.28676274509803,20666666.666666668,216248.1019607843,0,5,1,45.0,51,4,1,40.0
2016-10-28,103.80052394366201,20435633.8028169,212546.7898915493,4,0,0,71.0,71,0,0,71.0
2016-10-29,,,,0,0,0,0.0,0,0,0,0.0
2016-10-30,,,,0,0,0,0.0,0,0,0,0.0
2016-10-31,96.18116563636364,21245454.545454547,193394.42012727275,1,5,0,50.0,55,5,0,45.0
2016-11-01,111.50028958333333,17764895.833333332,192000.39093541665,4,1,1,94.0,96,0,1,93.0
2016-11-02,103.11777640449435,19315393.258426968,199437.25749213484,2,2,0,87.0,89,2,0,85.0
2016-11-03,103.14810724489799,17957244.897959184,185577.23622448978,0,1,0,97.0,98,1,0,96.0
2016-11-04,102.73533264367816,15624712.64367816,160741.18930574713,0,1,1,85.0,87,0,1,84.0
2016-11-05,,,,0,0,0,0.0,0,0,0,0.0
2016-11-06,,,,0,0,0,0.0,0,0,0,0.0
2016-11-07,103.59861868131873,13684945.054945055,142577.46633846156,1,2,1,88.0,91,1,1,86.0
2016-11-08,103.9135631428572,17891142.85714286,185948.83781428568,4,0,0,70.0,70,0,0,70.0
2016-11-09,103.72391654676257,24386079.136690646,253268.36002877698,6,2,1,136.0,139,1,1,134.0
2016-11-10,102.17659047619043,21855317.46031746,224817.67078571426,4,3,0,123.0,126,3,0,120.0
2016-11-11,,,,0,0,0,0.0,0,0,0,0.0
2016-11-12,,,,0,0,0,0.0,0,0,0,0.0
2016-11-13,,,,0,0,0,0.0,0,0,0,0.0
2016-11-14,102.87765190909091,17383772.727272727,179351.19098181816,2,3,1,106.0,110,2,1,103.0
2016-11-15,103.37151546666668,17946666.666666668,185661.95146666665,1,2,1,72.0,75,1,1,70.0
2016-11-16,103.54637901234565,18915679.01234568,195950.92856790122,3,6,1,74.0,81,5,1,68.0
2016-11-17,103.31264107142859,23939285.714285713,247683.77053571425,2,0,0,56.0,56,0,0,56.0
2016-11-18,103.42575618181823,15021818.181818182,155684.69720000002,2,1,0,54.0,55,1,0,53.0
2016-11-19,,,,0,0,0,0.0,0,0,0,0.0
2016-11-20,,,,0,0,0,0.0,0,0,0,0.0
2016-11-21,103.45772340425533,18372340.425531916,188311.5110638298,3,1,1,45.0,47,0,1,44.0
2016-11-22,104.30040775862074,15550862.068965517,162180.29337068964,3,10,3,103.0,116,7,3,93.0
2016-11-23,104.26932303571434,20625000.0,215120.74482142855,1,1,0,55.0,56,1,0,54.0
2016-11-24,,,,0,0,0,0.0,0,0,0,0.0
2016-11-25,104.62738363636366,10636363.636363637,111267.4390909091,0,0,0,11.0,11,0,0,11.0
2016-11-26,,,,0,0,0,0.0,0,0,0,0.0
2016-11-27,,,,0,0,0,0.0,0,0,0,0.0
2016-11-28,104.60084793650796,13295238.095238095,139032.79052380953,1,0,0,63.0,63,0,0,63.0
2016-11-29,104.56073191489364,18595106.382978722,195627.62192553194,0,1,1,45.0,47,0,1,44.0
2016-11-30,104.89003780487806,18279268.292682927,191723.8757621951,3,1,0,81.0,82,1,0,80.0
2016-12-01,104.90684086021501,17861720.430107526,187311.8781075269,2,3,0,90.0,93,3,0,87.0
2016-12-02,104.78432352941176,15857647.05882353,166230.865,1,0,0,51.0,51,0,0,51.0
2016-12-03,,,,0,0,0,0.0,0,0,0,0.0
2016-12-04,,,,0,0,0,0.0,0,0,0,0.0
2016-12-05,104.8620753846154,16236923.076923076,170676.77923076923,0,2,0,63.0,65,2,0,61.0
2016-12-06,102.93698636363638,32254431.818181816,326283.17383977276,8,3,1,84.0,88,2,1,81.0
2016-12-07,105.77414281553406,20211650.485436894,214492.45108737866,5,5,0,98.0,103,5,0,93.0
2016-12-08,105.43241246575342,21698904.10958904,230564.35282191788,5,1,1,71.0,73,0,1,70.0
2016-12-09,106.08077837837838,20307702.7027027,215569.4559391892,1,3,0,71.0,74,3,0,68.0
2016-12-10,,,,0,0,0,0.0,0,0,0,0.0
2016-12-11,,,,0,0,0,0.0,0,0,0,0.0
2016-12-12,106.03834467741933,29212258.06451613,309666.5227754839,6,3,1,58.0,62,2,1,55.0
2016-12-13,106.22319999999998,14297857.142857144,151733.53786428567,1,4,0,66.0,70,4,0,62.0
2016-12-14,105.87329550561797,17650112.35955056,186348.19185393257,2,2,1,86.0,89,1,1,84.0
2016-12-15,105.29994676056339,17036760.563380282,180058.8405492958,1,1,0,70.0,71,1,0,69.0
2016-12-16,105.43138444444446,16424444.444444444,174021.17977777778,0,0,0,45.0,45,0,0,45.0
2016-12-17,,,,0,0,0,0.0,0,0,0,0.0
2016-12-18,,,,0,0,0,0.0,0,0,0,0.0
2016-12-19,105.72942258064514,12756451.612903226,135235.2637096774,0,0,0,31.0,31,0,0,31.0
2016-12-20,105.83307142857137,15554761.904761905,164967.05809523808,1,1,0,41.0,42,1,0,40.0
2016-12-21,105.75683421052634,21526315.789473683,227233.71315789473,2,1,0,37.0,38,1,0,36.0
2016-12-22,105.91863793103448,16646896.551724138,174739.13137931033,1,1,0,28.0,29,1,0,27.0
2016-12-23,106.25764444444445,9214444.444444444,97900.07222222222,0,0,0,9.0,9,0,0,9.0
2016-12-24,,,,0,0,0,0.0,0,0,0,0.0
2016-12-25,,,,0,0,0,0.0,0,0,0,0.0
2016-12-26,,,,0,0,0,0.0,0,0,0,0.0
2016-12-27,106.27385214285712,9700000.0,103088.99007142858,0,0,0,14.0,14,0,0,14.0
2016-12-28,106.0115857894737,8746842.105263159,92737.84507210525,0,0,0,19.0,19,0,0,19.0
2016-12-29,105.82101499999999,17120000.0,182330.8875,0,2,2,16.0,20,0,2,14.0
2016-12-30,106.21679999999999,28467500.0,305497.97895,4,3,3,14.0,20,0,3,11.0
2016-12-31,,,,0,0,0,0.0,0,0,0,0.0
2017-01-01,,,,0,0,0,0.0,0,0,0,0.0
2017-01-02,,,,0,0,0,0.0,0,0,0,0.0
2017-01-03,106.4987766666667,16475166.666666666,175453.26433333333,0,1,0,59.0,60,1,0,58.0
2017-01-04,106.2583012121212,25897727.272727273,275155.8351590909,1,7,3,56.0,66,4,3,49.0
2017-01-05,106.37418512499997,28076000.0,298900.0760125,5,2,2,76.0,80,0,2,74.0
2017-01-06,106.44141602941178,21220294.11764706,226127.39186764706,2,4,2,62.0,68,2,2,58.0
2017-01-07,,,,0,0,0,0.0,0,0,0,0.0
2017-01-08,,,,0,0,0,0.0,0,0,0,0.0
2017-01-09,106.26004523809529,15048571.42857143,160431.8114095238,1,1,0,41.0,42,1,0,40.0
2017-01-10,106.31875117647058,22258970.588235293,237029.09544117647,2,0,0,68.0,68,0,0,68.0
2017-01-11,106.34606582278481,16885443.03797468,179608.82350632912,1,2,1,76.0,79,1,1,74.0
2017-01-12,105.94066938775511,15481632.653061224,164404.78020408162,1,2,1,46.0,49,1,1,44.0
2017-01-13,105.60181860465119,16850697.674418606,177010.74804651164,1,2,0,41.0,43,2,0,39.0
2017-01-14,,,,0,0,0,0.0,0,0,0,0.0
2017-01-15,,,,0,0,0,0.0,0,0,0,0.0
2017-01-16,,,,0,0,0,0.0,0,0,0,0.0
2017-01-17,102.46528746268652,19387462.686567165,202549.0347104478,4,7,3,57.0,67,4,3,50.0
2017-01-18,106.35731666666665,24461037.037037037,260435.6324611111,4,0,0,54.0,54,0,0,54.0
2017-01-19,106.22154048192772,15056626.506024096,160225.89809638556,0,3,2,78.0,83,1,2,75.0
2017-01-20,105.72170200000001,9664000.0,102745.1323,0,0,0,30.0,30,0,0,30.0
2017-01-21,,,,0,0,0,0.0,0,0,0,0.0
2017-01-22,,,,0,0,0,0.0,0,0,0,0.0
2017-01-23,106.21286128205126,11276923.076923076,119765.45589743591,0,0,0,39.0,39,0,0,39.0
2017-01-24,106.11135725490196,11470588.235294119,121953.16376470588,0,0,0,51.0,51,0,0,51.0
2017-01-25,106.22892112903224,14052096.774193548,149816.29191935487,0,4,0,58.0,62,4,0,54.0
2017-01-26,105.05811746031742,11995555.555555556,128000.06986507936,0,5,0,58.0,63,5,0,53.0
2017-01-27,106.66563333333335,17032777.777777776,181661.41450000004,0,0,0,18.0,18,0,0,18.0
2017-01-28,,,,0,0,0,0.0,0,0,0,0.0
2017-01-29,,,,0,0,0,0.0,0,0,0,0.0
2017-01-30,106.41522539682532,14334920.634920634,152536.3411111111,2,1,0,62.0,63,1,0,61.0
2017-01-31,104.61671726027396,18028630.1369863,187739.8188123288,1,5,2,66.0,73,3,2,61.0
2017-02-01,106.3539486567165,11907761.19402985,126653.39270447759,0,1,0,66.0,67,1,0,65.0
2017-02-02,106.14418851851849,17455555.555555556,185190.9403703704,2,1,1,52.0,54,0,1,51.0
2017-02-03,106.9150253061225,12184489.795918368,129586.5879387755,0,2,0,47.0,49,2,0,45.0
2017-02-04,,,,0,0,0,0.0,0,0,0,0.0
2017-02-05,,,,0,0,0,0.0,0,0,0,0.0
2017-02-06,107.32989205128207,20256410.256410256,217430.91076923074,4,0,0,39.0,39,0,0,39.0
2017-02-07,107.34936209302323,16668604.65116279,178868.43793023255,0,0,0,43.0,43,0,0,43.0
2017-02-08,107.15233033898306,21434576.27118644,229772.1978305085,2,2,0,57.0,59,2,0,55.0
2017-02-09,107.39089677419359,10008064.516129032,107485.97983870968,0,0,0,62.0,62,0,0,62.0
2017-02-10,107.27481666666667,20084722.222222224,214391.50715277778,1,0,0,36.0,36,0,0,36.0
2017-02-11,,,,0,0,0,0.0,0,0,0,0.0
2017-02-12,,,,0,0,0,0.0,0,0,0,0.0
2017-02-13,106.97075723404255,32782978.723404255,351448.08814893616,5,5,0,42.0,47,5,0,37.0
2017-02-14,107.4333491525424,15634067.79661017,167786.4036016949,0,0,0,59.0,59,0,0,59.0
2017-02-15,107.56286428571433,16725357.142857144,179900.53714285712,2,1,0,83.0,84,1,0,82.0
2017-02-16,107.44005833333328,22010416.666666668,235915.50958333336,2,1,0,47.0,48,1,0,46.0
2017-02-17,107.22491276595746,16478510.638297873,175867.07641489364,1,1,0,46.0,47,1,0,45.0
2017-02-18,,,,0,0,0,0.0,0,0,0,0.0
2017-02-19,,,,0,0,0,0.0,0,0,0,0.0
2017-02-20,,,,0,0,0,0.0,0,0,0,0.0
2017-02-21,107.66308749999997,17569166.666666668,189176.29299999998,0,4,2,42.0,48,2,2,38.0
2017-02-22,107.48006060606059,20933333.333333332,223953.21363636365,1,0,0,33.0,33,0,0,33.0
2017-02-23,107.72471612903227,30343064.51612903,326319.6133225807,8,1,0,61.0,62,1,0,60.0
2017-02-24,107.56270512195123,12884878.048780488,138589.67500000002,1,3,1,37.0,41,2,1,34.0
2017-02-25,,,,0,0,0,0.0,0,0,0,0.0
2017-02-26,,,,0,0,0,0.0,0,0,0,0.0
2017-02-27,107.28333636363638,11254545.454545455,119084.25545454545,0,0,0,33.0,33,0,0,33.0
2017-02-28,107.369609375,13940625.0,149403.06787499998,0,1,0,31.0,32,1,0,30.0
2017-03-01,107.8278640983606,18065573.770491805,194742.70267213116,1,2,1,58.0,61,1,1,56.0
2017-03-02,108.0742607692308,16975576.923076924,183498.1113269231,2,2,2,48.0,52,0,2,46.0
2017-03-03,107.7571806451613,14550000.0,156315.15758064514,0,9,1,52.0,62,8,1,43.0
2017-03-04,,,,0,0,0,0.0,0,0,0,0.0
2017-03-05,,,,0,0,0,0.0,0,0,0,0.0
2017-03-06,107.77321796610177,21694915.254237287,233377.51710169495,4,4,1,54.0,59,3,1,50.0
2017-03-07,107.48725111111119,16820296.296296295,180855.25696296297,0,16,6,113.0,135,10,6,97.0
2017-03-08,107.04492134831465,22208988.764044944,238061.89415730338,4,1,0,88.0,89,1,0,87.0
2017-03-09,106.85807115384623,20054134.615384616,214271.68490384612,4,4,1,99.0,104,3,1,95.0
2017-03-10,107.04149512195121,21469268.292682927,229446.6737317073,2,2,0,80.0,82,2,0,78.0
2017-03-11,,,,0,0,0,0.0,0,0,0,0.0
2017-03-12,,,,0,0,0,0.0,0,0,0,0.0
2017-03-13,106.56353555555557,18747777.777777776,200232.80611111116,1,1,0,44.0,45,1,0,43.0
2017-03-14,106.49328433734942,19468554.21686747,207255.04771084338,3,3,1,79.0,83,2,1,76.0
2017-03-15,106.68422933333335,16616083.333333334,176980.66302583335,4,3,1,116.0,120,2,1,113.0
2017-03-16,107.1225809859155,17739929.57746479,189919.40514084508,0,2,1,68.0,71,1,1,66.0
2017-03-17,106.96028387096774,15967741.935483871,170433.30419354836,1,0,0,31.0,31,0,0,31.0
2017-03-18,88.14666666666666,50000000.0,440733.3333333333,0,0,0,3.0,3,0,0,3.0
2017-03-19,,,,0,0,0,0.0,0,0,0,0.0
2017-03-20,107.3120035714285,17230535.714285713,184832.74,2,7,4,45.0,56,3,4,38.0
2017-03-21,106.49474154929574,25296056.33802817,267627.77898028167,1,1,0,70.0,71,1,0,69.0
2017-03-22,113.02053380952378,19470793.65079365,239194.3552380952,3,0,0,63.0,63,0,0,63.0
2017-03-23,105.86442098591547,17003802.816901408,180873.75642070425,1,5,3,63.0,71,2,3,58.0
2017-03-24,106.86656704545457,18511363.636363637,198343.17056818184,3,1,0,43.0,44,1,0,42.0
2017-03-25,,,,0,0,0,0.0,0,0,0,0.0
2017-03-26,,,,0,0,0,0.0,0,0,0,0.0
2017-03-27,106.58883629268288,38866487.80487805,414409.13513658533,43,24,4,177.0,205,20,4,153.0
2017-03-28,106.66377275590543,40965196.8503937,425899.5548440945,24,12,4,111.0,127,8,4,99.0
2017-03-29,107.0418952631579,28778618.42105263,308467.99232401303,22,5,3,144.0,152,2,3,139.0
2017-03-30,106.83235505617971,19723483.146067414,210535.79213483146,6,5,2,82.0,89,3,2,77.0
2017-03-31,106.90538026315797,22966052.63157895,246402.4457894737,7,8,5,63.0,76,3,5,55.0
2017-04-01,,,,0,0,0,0.0,0,0,0,0.0
2017-04-02,,,,0,0,0,0.0,0,0,0,0.0
2017-04-03,107.21585999999999,24277500.0,260903.49115384615,6,1,1,50.0,52,0,1,49.0
2017-04-04,107.49865277777783,20773703.703703705,223588.41851851853,2,24,11,73.0,108,13,11,49.0
2017-04-05,107.45466874999993,25732500.0,277290.2545625,4,1,0,79.0,80,1,0,78.0
2017-04-06,107.47481466666665,15759166.666666666,169407.98954166667,0,2,1,57.0,60,1,1,55.0
2017-04-07,107.59473101265827,15635569.620253164,168305.6290506329,0,10,9,60.0,79,1,9,50.0
2017-04-08,,,,0,0,0,0.0,0,0,0,0.0
2017-04-09,,,,0,0,0,0.0,0,0,0,0.0
2017-04-10,97.1645302325581,27595348.837209303,243609.0390232558,4,6,2,35.0,43,4,2,29.0
2017-04-11,107.17926199999997,18208000.0,195336.05400000003,1,2,2,46.0,50,0,2,44.0
2017-04-12,106.84146811594208,14074202.898550725,150505.1592753623,0,6,4,59.0,69,2,4,53.0
2017-04-13,106.69356179487181,16743589.743589744,178439.7454102564,1,2,1,36.0,39,1,1,34.0
2017-04-14,,,,0,0,0,0.0,0,0,0,0.0
2017-04-15,,,,0,0,0,0.0,0,0,0,0.0
2017-04-16,,,,0,0,0,0.0,0,0,0,0.0
2017-04-17,106.75730769230769,16333333.333333334,174761.24819230768,3,1,1,37.0,39,0,1,36.0
2017-04-18,106.55919433962268,15394339.62264151,164260.98981132076,0,2,1,50.0,53,1,1,48.0
2017-04-19,110.82375522388061,22992537.313432835,249441.6708955224,2,7,6,54.0,67,1,6,47.0
2017-04-20,106.57392373134331,24094477.6119403,257141.11396268656,4,1,0,66.0,67,1,0,65.0
2017-04-21,106.56533137254902,18923921.56862745,202227.42538823528,0,5,5,41.0,51,0,5,36.0
2017-04-22,,,,0,0,0,0.0,0,0,0,0.0
2017-04-23,,,,0,0,0,0.0,0,0,0,0.0
2017-04-24,107.26025175438592,18636842.10526316,200250.40789473685,1,3,3,51.0,57,0,3,48.0
2017-04-25,100.59142608695657,17283768.115942027,178557.82926811595,4,4,2,63.0,69,2,2,59.0
2017-04-26,107.68982678571423,19487678.57142857,209776.34495714286,2,2,0,54.0,56,2,0,52.0
2017-04-27,107.07471276595741,20405957.44680851,218928.18965957448,0,6,3,38.0,47,3,3,32.0
2017-04-28,106.85065625000003,18125000.0,192962.01239583336,2,2,0,46.0,48,2,0,44.0
2017-04-29,,,,0,0,0,0.0,0,0,0,0.0
2017-04-30,,,,0,0,0,0.0,0,0,0,0.0
2017-05-01,107.83616666666666,18583333.333333332,200540.78611111114,0,0,0,18.0,18,0,0,18.0
2017-05-02,107.83868,23127761.19402985,249506.42820059697,2,4,4,59.0,67,0,4,55.0
2017-05-03,107.79378958333335,11226944.444444444,121028.90938472222,0,10,6,56.0,72,4,6,46.0
2017-05-04,107.61822000000001,15235466.666666666,163946.84589066668,1,7,7,61.0,75,0,7,54.0
2017-05-05,83.66831430555551,7931666.666666667,79749.52351388888,0,14,5,53.0,72,9,5,39.0
2017-05-06,,,,0,0,0,0.0,0,0,0,0.0
2017-05-07,,,,0,0,0,0.0,0,0,0,0.0
2017-05-08,116.72892883720934,15182558.139534883,254566.53457720933,1,4,2,37.0,43,2,2,33.0
2017-05-09,107.77610707692308,14768000.0,159129.16354769227,0,11,9,45.0,65,2,9,34.0
2017-05-10,107.07620641025645,19685384.615384616,210863.39325641032,2,3,0,36.0,39,3,0,33.0
2017-05-11,107.69976463414633,14750000.0,158855.31931707318,0,7,5,29.0,41,2,5,22.0
2017-05-12,107.04111739130435,16369565.217391305,174928.0052173913,0,0,0,46.0,46,0,0,46.0
2017-05-13,,,,0,0,0,0.0,0,0,0,0.0
2017-05-14,,,,0,0,0,0.0,0,0,0,0.0
2017-05-15,107.72072016393435,18551147.540983606,199633.09421311476,0,7,4,50.0,61,3,4,43.0
2017-05-16,107.52631428571429,21914285.714285713,232903.15851428572,1,3,3,29.0,35,0,3,26.0
2017-05-17,107.15231774509803,20809313.725490198,222945.80849019607,3,3,2,97.0,102,1,2,94.0
2017-05-18,106.56873566265061,19068433.734939758,203622.73309156628,1,3,1,79.0,83,2,1,76.0
2017-05-19,107.89940520833335,17937500.0,195232.75520833334,0,3,1,44.0,48,2,1,41.0
2017-05-20,,,,0,0,0,0.0,0,0,0,0.0
2017-05-21,,,,0,0,0,0.0,0,0,0,0.0
2017-05-22,107.52526878787882,16295151.515151516,175220.63870303033,0,1,1,31.0,33,0,1,30.0
2017-05-23,107.58635187499999,13229375.0,142249.727525,0,5,1,42.0,48,4,1,37.0
2017-05-24,107.14056370370372,24222222.222222224,260358.141037037,0,0,0,27.0,27,0,0,27.0
2017-05-25,107.324070625,18474687.5,198332.92587500002,1,1,0,31.0,32,1,0,30.0
2017-05-26,107.54,30222222.222222224,325073.6,1,0,0,9.0,9,0,0,9.0
2017-05-27,,,,0,0,0,0.0,0,0,0,0.0
2017-05-28,,,,0,0,0,0.0,0,0,0,0.0
2017-05-29,,,,0,0,0,0.0,0,0,0,0.0
2017-05-30,107.51510319148935,16987234.04255319,182774.9639361702,1,4,4,39.0,47,0,4,35.0
2017-05-31,107.16096575342463,20602739.726027396,220057.19784931504,1,4,4,65.0,73,0,4,61.0
2017-06-01,107.42542781818173,11890909.090909092,126918.3292181818,0,7,7,41.0,55,0,7,34.0
2017-06-02,107.79009538461536,12846153.846153846,138474.40807692308,0,0,0,26.0,26,0,0,26.0
2017-06-03,,,,0,0,0,0.0,0,0,0,0.0
2017-06-04,,,,0,0,0,0.0,0,0,0,0.0
2017-06-05,107.21949545454545,24318181.818181816,256636.04090909092,1,1,1,20.0,22,0,1,19.0
2017-06-06,107.22378931818183,16220454.545454545,173000.78568181818,1,3,3,38.0,44,0,3,35.0
2017-06-07,106.84546333333326,15746851.851851853,168199.49204444446,2,8,7,39.0,54,1,7,31.0
2017-06-08,107.57378358490567,18011320.75471698,193815.65930188683,2,3,3,47.0,53,0,3,44.0
2017-06-09,107.62890473684213,22736842.10526316,244803.67736842105,0,0,0,38.0,38,0,0,38.0
2017-06-10,,,,0,0,0,0.0,0,0,0,0.0
2017-06-11,,,,0,0,0,0.0,0,0,0,0.0
2017-06-12,107.69361933333334,12033333.333333334,129589.57473333334,0,3,3,24.0,30,0,3,21.0
2017-06-13,107.78762562500002,15033333.333333334,162035.8615625,0,5,3,40.0,48,2,3,35.0
2017-06-14,107.7900525,12171250.0,131158.07749999998,0,11,10,59.0,80,1,10,48.0
2017-06-15,107.53273315068493,13241506.849315068,142390.61484246576,0,6,6,61.0,73,0,6,55.0
2017-06-16,107.3616081818182,14286363.636363637,153397.40613636366,0,3,3,38.0,44,0,3,35.0
2017-06-17,,,,0,0,0,0.0,0,0,0,0.0
2017-06-18,,,,0,0,0,0.0,0,0,0,0.0
2017-06-19,106.76761714285715,15657142.857142856,167552.3985714286,0,1,0,34.0,35,1,0,33.0
2017-06-20,106.99687298245617,20133157.89473684,215280.33482456143,0,3,1,53.0,57,2,1,50.0
2017-06-21,106.80284354166675,18041666.666666668,192697.14891666666,2,3,3,90.0,96,0,3,87.0
2017-06-22,106.74670666666668,17911111.111111112,191149.32231746035,1,6,3,54.0,63,3,3,48.0
2017-06-23,107.01836125000001,18691666.666666668,200041.99645833333,1,3,3,42.0,48,0,3,39.0
2017-06-24,,,,0,0,0,0.0,0,0,0,0.0
2017-06-25,,,,0,0,0,0.0,0,0,0,0.0
2017-06-26,107.21381409836063,13800000.0,148012.07593114756,0,4,3,54.0,61,1,3,50.0
2017-06-27,107.01706357142858,16330892.857142856,174798.26581821428,0,0,0,56.0,56,0,0,56.0
2017-06-28,106.81496153846157,13295384.615384616,142134.7543846154,0,7,5,53.0,65,2,5,46.0
2017-06-29,106.53891456896554,16383620.689655172,174594.02355172412,1,3,2,111.0,116,1,2,108.0
2017-06-30,101.417156,19634888.888888888,208482.68611111116,2,2,0,43.0,45,2,0,41.0
2017-07-01,,,,0,0,0,0.0,0,0,0,0.0
2017-07-02,,,,0,0,0,0.0,0,0,0,0.0
2017-07-03,107.09032175000002,7205000.0,77159.7131,0,6,6,28.0,40,0,6,22.0
2017-07-04,,,,0,0,0,0.0,0,0,0,0.0
2017-07-05,106.82189116666665,11069666.666666666,118264.89135666666,0,4,3,53.0,60,1,3,49.0
2017-07-06,106.47677747252743,16177252.747252747,172155.25420879122,1,6,3,82.0,91,3,3,76.0
2017-07-07,106.43146820512821,11220256.41025641,119392.31678589749,0,7,2,69.0,78,5,2,62.0
2017-07-08,,,,0,0,0,0.0,0,0,0,0.0
2017-07-09,,,,0,0,0,0.0,0,0,0,0.0
2017-07-10,106.51164078431368,14688431.37254902,156205.42067549017,0,0,0,51.0,51,0,0,51.0
2017-07-11,106.70763964285713,11903214.285714285,127020.66621428572,0,1,0,55.0,56,1,0,54.0
2017-07-12,106.5408964285714,14502142.857142856,154105.95767857143,1,1,0,55.0,56,1,0,54.0
2017-07-13,107.12264267857141,15588571.42857143,167221.7282857143,1,2,0,54.0,56,2,0,52.0
2017-07-14,107.42846926470587,16847794.11764706,181051.01782352937,1,2,2,64.0,68,0,2,62.0
2017-07-15,,,,0,0,0,0.0,0,0,0,0.0
2017-07-16,,,,0,0,0,0.0,0,0,0,0.0
2017-07-17,107.57309999999997,15512500.0,166878.4575397727,0,4,1,39.0,44,3,1,35.0
2017-07-18,107.56573923076924,17280153.846153848,185936.11603076925,1,4,4,57.0,65,0,4,53.0
2017-07-19,106.64059032258061,13421451.612903226,144023.23962580643,1,11,7,44.0,62,4,7,33.0
2017-07-20,107.6474666153846,16864153.846153848,181550.85130769236,1,6,4,55.0,65,2,4,49.0
2017-07-21,107.181125,24755000.0,264713.86375,2,1,0,19.0,20,1,0,18.0
2017-07-22,,,,0,0,0,0.0,0,0,0,0.0
2017-07-23,,,,0,0,0,0.0,0,0,0,0.0
2017-07-24,107.55674499999999,10338000.0,111167.26709333333,0,2,2,26.0,30,0,2,24.0
2017-07-25,107.72562171428571,11457428.57142857,123428.01922428573,0,2,2,31.0,35,0,2,29.0
2017-07-26,107.26456458333338,13375520.833333334,143839.09759375002,0,6,1,41.0,48,5,1,35.0
2017-07-27,107.10631819672133,12496393.44262295,133853.51404918032,1,0,0,61.0,61,0,0,61.0
2017-07-28,107.01273192307688,14373076.923076924,154065.56925,0,1,0,25.0,26,1,0,24.0
2017-07-29,,,,0,0,0,0.0,0,0,0,0.0
2017-07-30,,,,0,0,0,0.0,0,0,0,0.0
2017-07-31,106.85056162790694,21855581.395348836,235105.87261627908,2,4,1,38.0,43,3,1,34.0
2017-08-01,107.10478157894738,22340000.0,240127.1631578947,0,4,1,33.0,38,3,1,29.0
2017-08-02,107.57744843750001,21186093.75,228225.42309375,1,2,0,62.0,64,2,0,60.0
2017-08-03,107.67416666666665,14028571.42857143,151067.8285714286,0,3,0,39.0,42,3,0,36.0
2017-08-04,107.02552307692306,21924358.974358976,233212.8478974359,1,0,0,39.0,39,0,0,39.0
2017-08-05,,,,0,0,0,0.0,0,0,0,0.0
2017-08-06,,,,0,0,0,0.0,0,0,0,0.0
2017-08-07,107.25887222222225,19919444.444444444,214113.6519444445,2,0,0,36.0,36,0,0,36.0
2017-08-08,107.39563507692303,16617076.923076924,178513.1728,0,0,0,65.0,65,0,0,65.0
2017-08-09,106.72916794871796,17230769.230769232,184217.8608974359,1,0,0,78.0,78,0,0,78.0
2017-08-10,106.51838282608702,21697826.086956523,231254.51631739136,1,2,1,89.0,92,1,1,87.0
2017-08-11,106.40692432989687,17663917.525773197,188291.00113402063,2,0,0,97.0,97,0,0,97.0
2017-08-12,105.95,10000000.0,105950.0,0,0,0,1.0,1,0,0,1.0
2017-08-13,,,,0,0,0,0.0,0,0,0,0.0
2017-08-14,106.29933122448982,19783673.469387755,211061.38561224492,1,0,0,49.0,49,0,0,49.0
2017-08-15,103.04044456140348,21809649.12280702,231330.14931578946,1,2,0,55.0,57,2,0,53.0
2017-08-16,106.87746277777781,20003555.185185187,213901.9019768352,2,2,0,52.0,54,2,0,50.0
2017-08-17,106.49312117647057,13789897.05882353,146689.91809558822,0,1,0,67.0,68,1,0,66.0
2017-08-18,106.32912915789474,17952873.36842105,191083.42553293906,1,3,2,90.0,95,1,2,87.0
2017-08-19,,,,0,0,0,0.0,0,0,0,0.0
2017-08-20,,,,0,0,0,0.0,0,0,0,0.0
2017-08-21,106.47641404761904,19388809.523809522,206475.95418238096,2,0,0,42.0,42,0,0,42.0
2017-08-22,102.49545660000004,18640000.0,197789.00906000004,1,1,0,49.0,50,1,0,48.0
2017-08-23,106.55723289855062,26212173.913043477,279354.5084492754,5,7,5,57.0,69,2,5,50.0
2017-08-24,106.49811027027025,16108108.108108109,171958.12708108107,0,1,0,36.0,37,1,0,35.0
2017-08-25,106.65878000000001,17243750.0,184286.30225,1,1,1,39.0,40,0,1,38.0
2017-08-26,107.13,28333333.333333332,303935.8333333333,0,0,0,3.0,3,0,0,3.0
2017-08-27,,,,0,0,0,0.0,0,0,0,0.0
2017-08-28,106.91254583333334,17473333.333333332,186784.02558333334,0,0,0,12.0,12,0,0,12.0
2017-08-29,106.81480404255319,11412765.957446808,121892.77921276595,0,1,0,46.0,47,1,0,45.0
2017-08-30,107.03667901960789,14870588.235294119,159162.9953137255,0,1,1,49.0,51,0,1,48.0
2017-08-31,107.08487326086959,17870760.86956522,191614.6423461956,0,0,0,92.0,92,0,0,92.0
2017-09-01,107.02667068965516,17054137.931034483,182215.75900689655,0,0,0,29.0,29,0,0,29.0
2017-09-02,,,,0,0,0,0.0,0,0,0,0.0
2017-09-03,,,,0,0,0,0.0,0,0,0,0.0
2017-09-04,,,,0,0,0,0.0,0,0,0,0.0
2017-09-05,106.9064375,16588636.363636363,177137.7635227273,0,0,0,44.0,44,0,0,44.0
2017-09-06,106.95094702127658,29318297.872340426,313472.0589787234,3,3,1,43.0,47,2,1,40.0
2017-09-07,106.76615029411766,15890294.11764706,169217.4941617647,0,0,0,34.0,34,0,0,34.0
2017-09-08,106.69990957446812,19819148.936170213,211566.23212765958,0,1,1,45.0,47,0,1,44.0
2017-09-09,,,,0,0,0,0.0,0,0,0,0.0
2017-09-10,,,,0,0,0,0.0,0,0,0,0.0
2017-09-11,107.20150425531911,14053191.489361702,150651.49212765959,1,1,0,46.0,47,1,0,45.0
2017-09-12,107.19548565217389,20065217.391304348,215128.14695652173,1,0,0,46.0,46,0,0,46.0
2017-09-13,107.35711350000001,25200000.0,270372.5925,2,2,0,38.0,40,2,0,36.0
2017-09-14,107.26853529411761,17990196.07843137,192994.34454901962,0,0,0,51.0,51,0,0,51.0
2017-09-15,100.57297812499998,22020941.25,216232.52807125,2,3,0,29.0,32,3,0,26.0
2017-09-16,,,,0,0,0,0.0,0,0,0,0.0
2017-09-17,,,,0,0,0,0.0,0,0,0,0.0
2017-09-18,97.51842944444446,24888888.888888888,239970.56611111108,3,2,2,32.0,36,0,2,30.0
2017-09-19,107.06122918918919,18243256.216216218,194822.02347459458,0,3,1,33.0,37,2,1,30.0
2017-09-20,106.51717380952384,26285714.285714287,281661.37388888886,3,1,0,62.0,63,1,0,61.0
2017-09-21,107.03516821428572,35671428.571428575,381824.3939285715,5,0,0,28.0,28,0,0,28.0
2017-09-22,106.33821081081082,32486486.486486487,343447.1527027028,2,0,0,37.0,37,0,0,37.0
2017-09-23,,,,0,0,0,0.0,0,0,0,0.0
2017-09-24,,,,0,0,0,0.0,0,0,0,0.0
2017-09-25,106.68976281249999,21240937.5,227264.318909375,3,2,0,30.0,32,2,0,28.0
2017-09-26,107.16375937499997,26918750.0,288484.18437499995,2,0,0,32.0,32,0,0,32.0
2017-09-27,105.27741392405068,50437552.742616035,539275.9765189873,74,13,3,221.0,237,10,3,208.0
2017-09-28,105.50269508474581,35501525.423728816,378955.3576016949,18,2,0,116.0,118,2,0,114.0
2017-09-29,107.44622149999994,36292800.0,390409.80353,15,6,0,94.0,100,6,0,88.0
2017-09-30,,,,0,0,0,0.0,0,0,0,0.0
2017-10-01,,,,0,0,0,0.0,0,0,0,0.0
2017-10-02,107.45272058823525,30887352.94117647,332656.894742647,4,3,1,64.0,68,2,1,61.0
2017-10-03,107.87820175438601,27196666.666666668,293509.603831579,1,0,0,57.0,57,0,0,57.0
2017-10-04,106.72973958333334,22181250.0,237695.48854166665,4,2,0,46.0,48,2,0,44.0
2017-10-05,107.98475077922079,25001688.31168831,270031.3670649351,5,7,4,66.0,77,3,4,59.0
2017-10-06,107.77203928571427,20373392.85714286,219646.23864285715,2,3,1,52.0,56,2,1,49.0
2017-10-07,,,,0,0,0,0.0,0,0,0,0.0
2017-10-08,,,,0,0,0,0.0,0,0,0,0.0
2017-10-09,,,,0,0,0,0.0,0,0,0,0.0
2017-10-10,107.79453508771925,17724385.96491228,191345.82321052632,2,1,0,56.0,57,1,0,55.0
2017-10-11,108.03402631578946,36689736.84210526,396318.8398026316,4,0,0,38.0,38,0,0,38.0
2017-10-12,107.94158679245285,28895283.018867925,311891.960235849,7,1,0,52.0,53,1,0,51.0
2017-10-13,108.10260731707314,22142195.12195122,239277.1099390244,0,0,0,41.0,41,0,0,41.0
2017-10-14,,,,0,0,0,0.0,0,0,0,0.0
2017-10-15,,,,0,0,0,0.0,0,0,0,0.0
2017-10-16,104.21182717948714,11068974.358974358,111607.58386153847,0,0,0,39.0,39,0,0,39.0
2017-10-17,107.63141666666668,32333333.333333332,346499.16309523815,5,4,1,37.0,42,3,1,33.0
2017-10-18,108.20894441558444,32881818.181818184,355616.35283051955,2,6,1,70.0,77,5,1,64.0
2017-10-19,113.78160815789474,19421052.63157895,255091.50813157894,1,0,0,38.0,38,0,0,38.0
2017-10-20,108.53142361111117,27852777.777777776,302415.8720833334,1,1,0,35.0,36,1,0,34.0
2017-10-21,,,,0,0,0,0.0,0,0,0,0.0
2017-10-22,,,,0,0,0,0.0,0,0,0,0.0
2017-10-23,108.00568249999999,34437500.0,372584.9922083332,0,1,1,46.0,48,0,1,45.0
2017-10-24,108.56713435897436,29538820.512820512,320703.4502026154,4,0,0,39.0,39,0,0,39.0
2017-10-25,108.24344727272721,21973818.181818184,237824.35665454544,1,1,0,54.0,55,1,0,53.0
2017-10-26,108.03994146341464,14951219.512195121,161651.39780487804,0,0,0,41.0,41,0,0,41.0
2017-10-27,108.38349659090908,22211250.0,240767.714375,3,13,4,71.0,88,9,4,58.0
2017-10-28,,,,0,0,0,0.0,0,0,0,0.0
2017-10-29,,,,0,0,0,0.0,0,0,0,0.0
2017-10-30,98.18622444444443,20106222.222222224,216441.7998,0,4,1,40.0,45,3,1,36.0
2017-10-31,107.31683972972972,26216216.216216218,275423.28181081085,3,3,1,33.0,37,2,1,30.0
2017-11-01,108.00118814814816,21851851.85185185,236447.60855555555,1,0,0,54.0,54,0,0,54.0
2017-11-02,108.29225383561642,18238493.15068493,197338.38947945207,1,2,2,69.0,73,0,2,67.0
2017-11-03,108.16424633333331,18087333.333333332,195315.84646666667,1,2,0,28.0,30,2,0,26.0
2017-11-04,,,,0,0,0,0.0,0,0,0,0.0
2017-11-05,,,,0,0,0,0.0,0,0,0,0.0
2017-11-06,108.26885098039216,17069019.60784314,184431.15313725488,3,1,0,50.0,51,1,0,49.0
2017-11-07,107.92705421686746,18797261.904761903,204160.4981325301,2,7,2,75.0,83,5,2,68.0
2017-11-08,107.65021914893613,24723404.25531915,266748.5642553192,3,1,0,46.0,47,1,0,45.0
2017-11-09,107.40190000000003,25502857.14285714,273397.31472380954,8,3,2,100.0,105,1,2,97.0
2017-11-10,83.21844210526318,18076410.256410256,156631.13368421054,1,2,1,36.0,38,1,1,34.0
2017-11-11,,,,0,0,0,0.0,0,0,0,0.0
2017-11-12,,,,0,0,0,0.0,0,0,0,0.0
2017-11-13,107.14719800000005,21844400.0,234684.4996,3,1,1,48.0,50,0,1,47.0
2017-11-14,106.54560982456144,21331403.50877193,228126.04170175435,2,0,0,57.0,57,0,0,57.0
2017-11-15,106.82650057471265,20573863.636363637,221287.15159310348,3,0,0,88.0,87,0,0,88.0
2017-11-16,107.25118562499999,21160000.0,227284.529875,1,1,0,79.0,80,1,0,78.0
2017-11-17,101.01948851851849,23850370.37037037,252762.82150000002,7,4,1,49.0,54,3,1,45.0
2017-11-18,,,,0,0,0,0.0,0,0,0,0.0
2017-11-19,,,,0,0,0,0.0,0,0,0,0.0
2017-11-20,107.27533333333332,20100000.0,216380.715,0,0,0,30.0,30,0,0,30.0
2017-11-21,107.76924404761907,18851904.76190476,203078.55095238102,1,1,0,41.0,42,1,0,40.0
2017-11-22,107.95894062500001,26254062.5,283359.42609375,2,2,1,29.0,32,1,1,27.0
2017-11-23,,,,0,0,0,0.0,0,0,0,0.0
2017-11-24,108.02907857142857,40214285.71428572,434462.5021428572,0,3,1,10.0,14,2,1,7.0
2017-11-25,,,,0,0,0,0.0,0,0,0,0.0
2017-11-26,,,,0,0,0,0.0,0,0,0,0.0
2017-11-27,107.55190714285716,30545454.545454547,330515.6711904762,3,1,1,42.0,42,0,1,41.0
2017-11-28,107.42029736842105,26179210.52631579,281978.49305263156,1,0,0,38.0,38,0,0,38.0
2017-11-29,107.77831666666668,16840701.754385963,181939.65473684212,1,1,0,56.0,57,1,0,55.0
2017-11-30,107.26086153846155,33752500.0,359914.0827884615,8,0,0,52.0,52,0,0,52.0
2017-12-01,107.84688617021276,20541702.127659574,221542.08814893616,1,2,0,45.0,47,2,0,43.0
2017-12-02,,,,0,0,0,0.0,0,0,0,0.0
2017-12-03,,,,0,0,0,0.0,0,0,0,0.0
2017-12-04,107.98875873015871,20446349.206349205,220789.40523809526,0,4,1,58.0,63,3,1,54.0
2017-12-05,107.15385000000002,19000000.0,205044.985,0,1,0,29.0,30,1,0,28.0
2017-12-06,107.77472058823527,16529117.647058824,178126.11444117647,0,0,0,34.0,34,0,0,34.0
2017-12-07,107.5483720930233,21408372.093023255,231245.6298139535,0,5,5,33.0,43,0,5,28.0
2017-12-08,107.9458,20883333.333333332,225531.03,1,1,1,28.0,30,0,1,27.0
2017-12-09,,,,0,0,0,0.0,0,0,0,0.0
2017-12-10,,,,0,0,0,0.0,0,0,0,0.0
2017-12-11,107.62033157894737,28421052.63157895,305492.0042105263,0,0,0,19.0,19,0,0,19.0
2017-12-12,108.05577535714288,24025714.285714287,259540.7065,1,1,1,26.0,28,0,1,25.0
2017-12-13,108.21966206896549,12692068.965517242,137477.84586206896,0,3,2,24.0,29,1,2,21.0
2017-12-14,107.5513934782609,22130434.782608695,237127.3234782609,2,4,4,38.0,46,0,4,34.0
2017-12-15,107.546774,21176000.0,228716.34100000001,4,6,5,39.0,50,1,5,33.0
2017-12-16,,,,0,0,0,0.0,0,0,0,0.0
2017-12-17,,,,0,0,0,0.0,0,0,0,0.0
2017-12-18,108.09332629629631,27111111.111111112,292851.04199999996,1,2,2,23.0,27,0,2,21.0
2017-12-19,108.36651851851848,25866704.545454547,299047.8560308642,2,15,12,61.0,81,3,12,46.0
2017-12-20,106.47620499999998,39002592.59259259,410257.0645374999,12,9,0,72.0,80,9,0,63.0
2017-12-21,108.33805000000007,21680851.063829787,234656.81287234038,1,4,4,39.0,47,0,4,35.0
2017-12-22,108.31328148148148,14481481.481481481,156835.15370370372,0,4,4,19.0,27,0,4,15.0
2017-12-23,,,,0,0,0,0.0,0,0,0,0.0
2017-12-24,,,,0,0,0,0.0,0,0,0,0.0
2017-12-25,,,,0,0,0,0.0,0,0,0,0.0
2017-12-26,,,,0,0,0,0.0,0,0,0,0.0
2017-12-27,107.67139999999999,18250000.0,196068.2625,0,5,5,10.0,20,0,5,5.0
2017-12-28,108.22569166666669,13725000.0,148512.54916666666,0,0,0,12.0,12,0,0,12.0
2017-12-29,106.54820920000002,21072000.0,223737.07136,4,5,4,41.0,50,1,4,36.0
2017-12-30,,,,0,0,0,0.0,0,0,0,0.0
2017-12-31,,,,0,0,0,0.0,0,0,0,0.0
2018-01-01,,,,0,0,0,0.0,0,0,0,0.0
2018-01-02,107.98186578947367,34776078.94736842,374849.63239473687,3,1,1,36.0,38,0,1,35.0
2018-01-03,107.89775306122448,27897959.18367347,302118.6130612245,0,5,4,40.0,49,1,4,35.0
2018-01-04,108.4224139534884,34055813.95348837,370067.60697674414,4,1,1,41.0,43,0,1,40.0
2018-01-05,108.12741600000003,16307600.0,173870.50372,2,2,1,22.0,25,1,1,20.0
2018-01-06,,,,0,0,0,0.0,0,0,0,0.0
2018-01-07,,,,0,0,0,0.0,0,0,0,0.0
2018-01-08,108.88463684210525,20955344.827586208,223226.7633070175,2,10,10,38.0,57,0,10,28.0
2018-01-09,108.78855,30848000.0,335454.05676,1,5,4,41.0,50,1,4,36.0
2018-01-10,108.25734285714287,19514523.80952381,210674.54477142857,1,13,12,80.0,105,1,12,67.0
2018-01-11,108.5205462962963,22314814.814814813,241579.8187037037,0,5,5,44.0,54,0,5,39.0
2018-01-12,107.86308636363634,13250000.0,143018.3884090909,0,4,3,37.0,44,1,3,33.0
2018-01-13,,,,0,0,0,0.0,0,0,0,0.0
2018-01-14,,,,0,0,0,0.0,0,0,0,0.0
2018-01-15,,,,0,0,0,0.0,0,0,0,0.0
2018-01-16,108.3963945454546,20001272.727272727,216754.5888181818,2,10,7,38.0,55,3,7,28.0
2018-01-17,106.76194363636358,32494234.234234232,328837.75415272726,15,11,7,93.0,110,4,7,82.0
2018-01-18,108.07894515625001,21037031.25,225018.71113281255,2,2,0,62.0,64,2,0,60.0
2018-01-19,108.40800545454543,14454545.454545455,156696.8684772727,0,3,3,38.0,44,0,3,35.0
2018-01-20,,,,0,0,0,0.0,0,0,0,0.0
2018-01-21,,,,0,0,0,0.0,0,0,0,0.0
2018-01-22,108.05211086956518,20478260.86956522,221973.89847826087,0,3,3,17.0,23,0,3,14.0
2018-01-23,108.68517499999997,18351351.35135135,190182.12527777778,0,3,3,31.0,36,0,3,28.0
2018-01-24,108.67486807339453,14025779.816513762,152413.12546055045,1,16,13,80.0,109,3,13,64.0
2018-01-25,100.82362156862747,26193529.411764707,207300.39409411766,3,6,3,42.0,51,3,3,36.0
2018-01-26,108.7541463414634,18353658.536585364,199610.0646341463,0,6,5,30.0,41,1,5,24.0
2018-01-27,,,,0,0,0,0.0,0,0,0,0.0
2018-01-28,,,,0,0,0,0.0,0,0,0,0.0
2018-01-29,108.63753348837214,18955813.953488372,205941.84360465116,1,8,7,71.0,86,1,7,63.0
2018-01-30,108.38900253521128,20574225.352112677,223002.81274647888,3,4,4,63.0,71,0,4,59.0
2018-01-31,108.10494062499997,17210625.0,185054.02328125,3,4,4,56.0,64,0,4,52.0
2018-02-01,108.2229144761905,27228571.42857143,294680.06919999997,5,9,4,92.0,105,5,4,83.0
2018-02-02,107.64225621621611,23859459.45945946,256713.95178378373,11,19,17,149.0,185,2,17,130.0
2018-02-03,107.37333333333333,10000000.0,107373.33333333333,0,0,0,3.0,3,0,0,3.0
2018-02-04,,,,0,0,0,0.0,0,0,0,0.0
2018-02-05,107.09684696428575,24041428.57142857,257593.38748214283,4,7,7,98.0,112,0,7,91.0
2018-02-06,106.75925539682542,30922328.04232804,330217.8538095238,11,5,2,182.0,189,3,2,177.0
2018-02-07,107.18931822222221,20284666.666666668,217516.05947777777,4,16,10,154.0,180,6,10,138.0
2018-02-08,106.2191776119403,20906926.82926829,224335.0943283582,9,24,21,160.0,201,3,21,136.0
2018-02-09,105.7353779881657,24223218.390804596,259325.40837301777,9,16,9,149.0,169,7,9,133.0
2018-02-10,,,,0,0,0,0.0,0,0,0,0.0
2018-02-11,,,,0,0,0,0.0,0,0,0,0.0
2018-02-12,106.2516530833333,24123884.29752066,257307.3697291667,4,11,8,102.0,120,3,8,91.0
2018-02-13,106.10966552631585,22109671.05263158,234044.25975723687,5,15,14,123.0,152,1,14,108.0
2018-02-14,106.2043477941176,22474817.518248174,238537.35094117644,3,5,4,128.0,136,1,4,123.0
2018-02-15,106.83327111111112,20215151.515151516,216093.0155858586,5,4,3,92.0,99,1,3,88.0
2018-02-16,110.64704264705894,20051470.588235293,215725.4948382353,6,6,3,127.0,136,3,3,121.0
2018-02-17,,,,0,0,0,0.0,0,0,0,0.0
2018-02-18,,,,0,0,0,0.0,0,0,0,0.0
2018-02-19,,,,0,0,0,0.0,0,0,0,0.0
2018-02-20,107.23420765432101,16125308.641975308,172920.08748148146,2,5,5,71.0,81,0,5,66.0
2018-02-21,107.0441835652174,27237913.04347826,291971.7049913044,16,7,7,101.0,115,0,7,94.0
2018-02-22,106.29161290322594,22281209.677419353,234868.47842741932,4,12,12,100.0,124,0,12,88.0
2018-02-23,106.45070315789468,21450947.36842105,228203.3086315789,4,13,5,77.0,95,8,5,64.0
2018-02-24,,,,0,0,0,0.0,0,0,0,0.0
2018-02-25,,,,0,0,0,0.0,0,0,0,0.0
2018-02-26,107.06873281249996,16737500.0,179076.75687500002,1,5,5,54.0,64,0,5,49.0
2018-02-27,107.09833887755102,19326428.57142857,207169.58195918365,2,10,8,80.0,98,2,8,70.0
2018-02-28,106.7449914444445,23549333.333333332,250359.80572222226,2,6,6,78.0,90,0,6,72.0
2018-03-01,110.49750265486736,20143982.300884955,221432.22778761058,3,8,7,98.0,113,1,7,90.0
2018-03-02,106.00394853846156,22908230.769230768,241669.74211538464,7,10,7,113.0,130,3,7,103.0
2018-03-03,,,,0,0,0,0.0,0,0,0,0.0
2018-03-04,,,,0,0,0,0.0,0,0,0,0.0
2018-03-05,106.06758022222222,24580666.666666668,259826.9718666667,1,2,2,41.0,45,0,2,39.0
2018-03-06,105.9592925,18366388.888888888,196199.0072805555,0,8,6,58.0,72,2,6,50.0
2018-03-07,106.46094558823532,21161470.588235293,225433.2513235294,3,4,3,61.0,68,1,3,57.0
2018-03-08,106.43725829268293,20320731.707317073,216462.47499024397,0,6,4,72.0,82,2,4,66.0
2018-03-09,106.73079851851848,21047283.950617284,224491.93469135804,1,5,3,73.0,81,2,3,68.0
2018-03-10,,,,0,0,0,0.0,0,0,0,0.0
2018-03-11,,,,0,0,0,0.0,0,0,0,0.0
2018-03-12,105.31596666666674,25770289.92753623,261013.59626992748,3,7,6,56.0,69,1,6,49.0
2018-03-13,106.87984363636363,17794727.272727273,190409.80311363633,2,8,4,98.0,110,4,4,90.0
2018-03-14,106.92613573770494,21887704.918032788,234072.01072131147,4,2,1,58.0,61,1,1,56.0
2018-03-15,106.67410195121948,21199512.19512195,225789.6103414634,1,0,0,41.0,41,0,0,41.0
2018-03-16,106.14315666666668,13418500.0,142634.92226666666,0,10,9,41.0,60,1,9,31.0
2018-03-17,,,,0,0,0,0.0,0,0,0,0.0
2018-03-18,,,,0,0,0,0.0,0,0,0,0.0
2018-03-19,106.6339647058823,21000000.0,224128.19176470587,0,7,5,56.0,68,2,5,49.0
2018-03-20,106.34888028169013,18781690.14084507,197893.70732394367,2,7,3,61.0,71,4,3,54.0
2018-03-21,106.86603009708735,16640776.699029127,177811.4083495146,0,14,11,78.0,103,3,11,64.0
2018-03-22,106.58936637168131,16748230.088495575,178592.85484513274,2,16,14,83.0,113,2,14,67.0
2018-03-23,105.74473684210517,23862368.42105263,249913.74069298245,6,7,7,100.0,114,0,7,93.0
2018-03-24,,,,0,0,0,0.0,0,0,0,0.0
2018-03-25,,,,0,0,0,0.0,0,0,0,0.0
2018-03-26,106.11862926829265,19556747.967479676,207356.34738211383,5,12,11,100.0,123,1,11,88.0
2018-03-27,106.3311767873303,45270678.733031675,481516.46534841624,52,8,6,207.0,221,2,6,199.0
2018-03-28,105.83687989189204,38226513.51351351,404356.30552837835,34,18,11,156.0,185,7,11,138.0
2018-03-29,105.83975018181809,32733727.272727273,345378.4540454546,7,14,11,85.0,110,3,11,71.0
2018-03-30,,,,0,0,0,0.0,0,0,0,0.0
2018-03-31,,,,0,0,0,0.0,0,0,0,0.0
2018-04-01,,,,0,0,0,0.0,0,0,0,0.0
2018-04-02,105.74725322580645,20892741.93548387,221071.25701612904,2,3,3,56.0,62,0,3,53.0
2018-04-03,105.7315965765766,23226581.98198198,245564.1914135135,6,13,10,88.0,111,3,10,75.0
2018-04-04,105.89997999999994,30000000.0,317928.5282352941,8,4,4,77.0,85,0,4,73.0
2018-04-05,106.39893461538463,31438717.948717948,334592.1487179487,7,2,0,76.0,78,2,0,74.0
2018-04-06,106.23500179775283,30199640.449438203,321369.12531460676,5,10,9,70.0,89,1,9,60.0
2018-04-07,,,,0,0,0,0.0,0,0,0,0.0
2018-04-08,,,,0,0,0,0.0,0,0,0,0.0
2018-04-09,106.5234444444444,31203703.703703705,332608.625,6,5,1,48.0,54,4,1,43.0
2018-04-10,106.56203766233764,21473896.103896104,228819.22222857142,2,8,4,65.0,77,4,4,57.0
2018-04-11,106.56883733333338,27013333.333333332,288045.722,5,7,6,62.0,75,1,6,55.0
2018-04-12,102.55072245283012,16628490.566037735,176936.99195905658,1,14,10,82.0,106,4,10,68.0
2018-04-13,106.99474078947367,20707236.842105262,221606.47881578948,3,6,6,64.0,76,0,6,58.0
2018-04-14,,,,0,0,0,0.0,0,0,0,0.0
2018-04-15,,,,0,0,0,0.0,0,0,0,0.0
2018-04-16,107.21537073170728,16574268.292682927,177665.97875,1,13,13,56.0,82,0,13,43.0
2018-04-17,107.43092580645158,22601612.903225806,242885.9706182796,3,6,5,82.0,93,1,5,76.0
2018-04-18,107.02652201834871,23476513.76146789,251076.4485321101,6,10,9,90.0,109,1,9,80.0
2018-04-19,106.92018450704224,17731690.14084507,189846.0256197183,0,5,3,63.0,71,2,3,58.0
2018-04-20,106.87517377049181,18112606.557377048,193413.13834836066,1,2,2,57.0,61,0,2,55.0
2018-04-21,,,,0,0,0,0.0,0,0,0,0.0
2018-04-22,,,,0,0,0,0.0,0,0,0,0.0
2018-04-23,106.46316969696987,22087171.717171717,235312.4145858586,4,15,14,70.0,99,1,14,55.0
2018-04-24,106.08245666666664,24385444.444444444,257550.8736111111,5,8,6,76.0,90,2,6,68.0
2018-04-25,106.02183402061851,23903711.340206187,252792.54917525777,1,9,9,79.0,97,0,9,70.0
2018-04-26,106.50404339622641,17208679.24528302,183746.77066037734,0,3,3,47.0,53,0,3,44.0
2018-04-27,107.0357298648648,22054729.72972973,236142.67212162158,3,6,5,63.0,74,1,5,57.0
2018-04-28,,,,0,0,0,0.0,0,0,0,0.0
2018-04-29,,,,0,0,0,0.0,0,0,0,0.0
2018-04-30,104.87125352112675,28394366.1971831,298023.6611267606,5,1,1,69.0,71,0,1,68.0
2018-05-01,106.19502702702704,18080270.27027027,191082.9638108108,1,2,2,33.0,37,0,2,31.0
2018-05-02,106.93438970588235,20792205.88235294,222372.41393382353,4,7,7,54.0,68,0,7,47.0
2018-05-03,106.38450119047621,24891071.42857143,264900.70452380955,8,4,4,76.0,84,0,4,72.0
2018-05-04,106.09851357142853,15987261.904761905,169491.07340952381,0,12,10,62.0,84,2,10,50.0
2018-05-05,,,,0,0,0,0.0,0,0,0,0.0
2018-05-06,,,,0,0,0,0.0,0,0,0,0.0
2018-05-07,106.296875,20750000.0,220920.5125,1,1,1,30.0,32,0,1,29.0
2018-05-08,105.34115102040816,25404081.63265306,267597.98714285716,4,3,1,45.0,49,2,1,42.0
2018-05-09,106.11581066666668,21177500.0,225285.18028333335,1,7,7,46.0,60,0,7,39.0
2018-05-10,106.25329620253166,24265569.620253164,258265.36974683547,4,6,5,68.0,79,1,5,62.0
2018-05-11,107.32628229166664,25680833.333333332,275681.358125,4,2,0,46.0,48,2,0,44.0
2018-05-12,,,,0,0,0,0.0,0,0,0,0.0
2018-05-13,,,,0,0,0,0.0,0,0,0,0.0
2018-05-14,107.25088965517237,18656551.724137932,200194.80564137932,0,1,0,28.0,29,1,0,27.0
2018-05-15,106.53398414634145,20959878.048780486,222520.64360487807,4,6,4,72.0,82,2,4,66.0
2018-05-16,106.82374285714285,20756813.186813187,221807.12384615385,8,12,12,67.0,91,0,12,55.0
2018-05-17,106.3772008333333,21465416.666666668,227837.48631250006,3,14,14,68.0,96,0,14,54.0
2018-05-18,105.4903555555556,16387333.333333334,171794.1511111111,2,0,0,45.0,45,0,0,45.0
2018-05-19,,,,0,0,0,0.0,0,0,0,0.0
2018-05-20,,,,0,0,0,0.0,0,0,0,0.0
2018-05-21,106.71321499999999,18063333.333333332,193166.98901666666,1,2,1,27.0,30,1,1,25.0
2018-05-22,106.53474799999996,16760000.0,178162.533,0,2,1,47.0,50,1,1,45.0
2018-05-23,106.51757777777779,20761904.76190476,221620.213015873,1,0,0,63.0,63,0,0,63.0
2018-05-24,106.84197073170732,18623414.63414634,198970.50634146342,1,1,1,39.0,41,0,1,38.0
2018-05-25,106.37643902439022,18780487.80487805,200141.93658536585,2,4,2,35.0,41,2,2,31.0
2018-05-26,,,,0,0,0,0.0,0,0,0,0.0
2018-05-27,,,,0,0,0,0.0,0,0,0,0.0
2018-05-28,,,,0,0,0,0.0,0,0,0,0.0
2018-05-29,105.86096419753085,28763456.790123455,304488.8672839506,6,3,3,75.0,81,0,3,72.0
2018-05-30,102.36289879518074,23930120.48192771,250304.2448192771,4,7,4,72.0,83,3,4,65.0
2018-05-31,105.93732702702704,21722162.162162162,229473.68385135135,3,3,3,68.0,74,0,3,65.0
2018-06-01,106.29657407407406,16162962.962962963,171492.25462962964,0,3,3,48.0,54,0,3,45.0
2018-06-02,,,,0,0,0,0.0,0,0,0,0.0
2018-06-03,,,,0,0,0,0.0,0,0,0,0.0
2018-06-04,106.25324901960784,26607843.1372549,282076.3980392157,4,6,0,45.0,51,6,0,39.0
2018-06-05,106.58432530120481,13927710.843373494,148583.7909638554,0,9,4,70.0,83,5,4,61.0
2018-06-06,105.70385163636365,21929636.363636363,232609.44767272726,1,5,2,48.0,55,3,2,43.0
2018-06-07,106.44956385542166,15616265.060240963,165394.42487951808,0,7,3,73.0,83,4,3,66.0
2018-06-08,106.01601162790702,17716046.51162791,188089.22424418604,0,1,1,41.0,43,0,1,40.0
2018-06-09,,,,0,0,0,0.0,0,0,0,0.0
2018-06-10,,,,0,0,0,0.0,0,0,0,0.0
2018-06-11,105.94948666666667,21728444.444444444,231290.55355333333,1,1,1,43.0,45,0,1,42.0
2018-06-12,105.76047714285716,16685714.285714285,176831.05914285715,0,10,2,58.0,70,8,2,48.0
2018-06-13,106.51392119402985,17583582.08955224,187580.2273134328,2,2,2,63.0,67,0,2,61.0
2018-06-14,105.84541190476196,28583095.23809524,303659.25877142855,6,2,2,80.0,84,0,2,78.0
2018-06-15,106.55747307692307,20211538.46153846,214976.93538461538,1,1,1,50.0,52,0,1,49.0
2018-06-16,,,,0,0,0,0.0,0,0,0,0.0
2018-06-17,,,,0,0,0,0.0,0,0,0,0.0
2018-06-18,105.97127945945945,14794864.864864865,157673.34567297297,0,1,0,36.0,37,1,0,35.0
2018-06-19,105.58052105263157,29742807.01754386,314314.64105263154,8,1,0,56.0,57,1,0,55.0
2018-06-20,105.44078767123288,17082191.78082192,180707.24410958905,1,5,3,65.0,73,2,3,60.0
2018-06-21,106.26696784615388,18630769.230769232,197434.6412923077,3,8,4,53.0,65,4,4,45.0
2018-06-22,118.84995000000004,18432500.0,201729.99013888888,1,4,2,30.0,36,2,2,26.0
2018-06-23,,,,0,0,0,0.0,0,0,0,0.0
2018-06-24,,,,0,0,0,0.0,0,0,0,0.0
2018-06-25,105.71100000000006,17916093.75,189568.363675,1,2,1,61.0,64,1,1,59.0
2018-06-26,105.17798358208955,24578358.208955225,258594.062477612,2,1,1,65.0,67,0,1,64.0
2018-06-27,105.59105754237292,28628991.596638657,299755.2777881356,5,5,2,112.0,118,3,2,107.0
2018-06-28,105.0844563492064,19190317.46031746,201344.506968254,3,9,2,115.0,126,7,2,106.0
2018-06-29,103.98361866666667,19992000.0,208473.45386666668,2,4,3,68.0,75,1,3,64.0
2018-06-30,,,,0,0,0,0.0,0,0,0,0.0
2018-07-01,,,,0,0,0,0.0,0,0,0,0.0
2018-07-02,103.4651,18802222.222222224,194615.10911111112,1,0,0,45.0,45,0,0,45.0
2018-07-03,104.8247673913043,16766304.347826088,174029.6492934783,2,2,0,44.0,46,2,0,42.0
2018-07-04,105.953,100000000.0,1059530.0,1,0,0,1.0,1,0,0,1.0
2018-07-05,105.72576428571426,13821428.57142857,146421.94761904763,1,0,0,42.0,42,0,0,42.0
2018-07-06,105.23532,16111111.111111112,168633.39711111115,0,0,0,45.0,45,0,0,45.0
2018-07-07,,,,0,0,0,0.0,0,0,0,0.0
2018-07-08,,,,0,0,0,0.0,0,0,0,0.0
2018-07-09,105.82543305555552,20402777.777777776,216026.25694444444,1,4,0,68.0,72,4,0,64.0
2018-07-10,106.51360499999996,25906500.0,276414.458,5,6,4,50.0,60,2,4,44.0
2018-07-11,105.74952777777774,15514814.814814815,164442.6925925926,1,0,0,54.0,54,0,0,54.0
2018-07-12,105.69140370370367,13069444.444444444,138193.3818611111,1,6,1,47.0,54,5,1,41.0
2018-07-13,106.44303959183671,26477346.93877551,282494.75351020414,5,0,0,49.0,49,0,0,49.0
2018-07-14,,,,0,0,0,0.0,0,0,0,0.0
2018-07-15,,,,0,0,0,0.0,0,0,0,0.0
2018-07-16,105.15641632653067,19090000.0,201287.5898979592,2,4,2,43.0,49,2,2,39.0
2018-07-17,106.72228259259262,16555555.555555556,176670.08018518516,0,1,1,25.0,27,0,1,24.0
2018-07-18,103.79422772727274,31068181.818181816,306725.0560454546,4,1,1,42.0,44,0,1,41.0
2018-07-19,106.12087428571431,16809523.80952381,178249.44242857143,0,1,1,40.0,42,0,1,39.0
2018-07-20,104.93113529411767,22588235.29411765,235439.73941176472,0,1,1,15.0,17,0,1,14.0
2018-07-21,,,,0,0,0,0.0,0,0,0,0.0
2018-07-22,,,,0,0,0,0.0,0,0,0,0.0
2018-07-23,105.38616666666667,17300000.0,184214.51666666666,1,0,0,15.0,15,0,0,15.0
2018-07-24,105.18558000000002,16802333.333333332,176731.66307666668,0,1,1,28.0,30,0,1,27.0
2018-07-25,105.74852779661018,17694915.254237287,186956.67691525424,0,5,3,51.0,59,2,3,46.0
2018-07-26,105.56763684210527,24908947.36842105,261989.06904210523,5,0,0,38.0,38,0,0,38.0
2018-07-27,106.50952454545452,20373939.393939395,216157.0114242424,3,10,8,48.0,66,2,8,38.0
2018-07-28,,,,0,0,0,0.0,0,0,0,0.0
2018-07-29,,,,0,0,0,0.0,0,0,0,0.0
2018-07-30,106.58224000000001,20087931.03448276,214253.45688275862,1,4,3,22.0,29,1,3,18.0
2018-07-31,106.32685676056335,20525492.95774648,219347.32414084507,1,11,10,50.0,71,1,10,39.0
2018-08-01,106.45229081081081,18005189.18918919,192545.95843243247,1,3,3,31.0,37,0,3,28.0
2018-08-02,106.8009340909091,22431818.181818184,240447.48363636367,3,6,3,35.0,44,3,3,29.0
2018-08-03,107.01714833333331,19688333.333333332,210693.48183333332,0,6,4,26.0,36,2,4,20.0
2018-08-04,,,,0,0,0,0.0,0,0,0,0.0
2018-08-05,,,,0,0,0,0.0,0,0,0,0.0
2018-08-06,106.7425576923077,16153846.153846154,172663.82692307694,0,5,0,21.0,26,5,0,16.0
2018-08-07,106.64955555555555,33910555.55555555,358905.3783333333,1,0,0,18.0,18,0,0,18.0
2018-08-08,105.51370322580648,19142580.64516129,199607.6748387097,0,2,2,27.0,31,0,2,25.0
2018-08-09,105.90571684210524,19245614.03508772,204152.3915789474,0,8,8,41.0,57,0,8,33.0
2018-08-10,106.32233298507461,16104477.611940298,171357.98114925373,1,1,1,65.0,67,0,1,64.0
2018-08-11,,,,0,0,0,0.0,0,0,0,0.0
2018-08-12,,,,0,0,0,0.0,0,0,0,0.0
2018-08-13,106.33370021857921,17438251.36612022,185016.61274863384,1,3,3,177.0,183,0,3,174.0
2018-08-14,106.2500770786517,22522053.072625697,238486.09094241576,2,2,0,177.0,178,2,0,175.0
2018-08-15,106.27231557746488,18733436.61971831,199072.36826873245,4,9,9,337.0,355,0,9,328.0
2018-08-16,106.45888838383844,17345505.05050505,184604.82609797976,0,3,1,194.0,198,2,1,191.0
2018-08-17,117.51132475524474,17719930.06993007,298901.3919230768,3,4,2,137.0,143,2,2,133.0
2018-08-18,,,,0,0,0,0.0,0,0,0,0.0
2018-08-19,,,,0,0,0,0.0,0,0,0,0.0
2018-08-20,106.59056888888885,15710000.0,167424.1621234568,0,5,1,75.0,81,4,1,70.0
2018-08-21,106.53764782051286,14997884.615384616,159789.66881871797,1,7,6,143.0,156,1,6,136.0
2018-08-22,106.79921369565217,18400760.86956522,196536.23383021736,2,8,3,173.0,184,5,3,165.0
2018-08-23,106.7356883606558,15526311.475409836,165850.79434262295,0,5,3,114.0,122,2,3,109.0
2018-08-24,102.200686122449,17415938.775510203,184886.5096020408,0,4,1,93.0,98,3,1,89.0
2018-08-25,,,,0,0,0,0.0,0,0,0,0.0
2018-08-26,,,,0,0,0,0.0,0,0,0,0.0
2018-08-27,106.88338125000001,22698958.333333332,243093.92880208336,1,0,0,96.0,96,0,0,96.0
2018-08-28,106.42577203539825,17037610.619469028,181972.95362389382,0,2,2,109.0,113,0,2,107.0
2018-08-29,106.6248337837838,15964864.864864865,169676.29864864866,0,3,3,105.0,111,0,3,102.0
2018-08-30,106.62248495145626,17889844.660194173,191122.3072747573,1,4,4,198.0,206,0,4,194.0
2018-08-31,106.47625606666666,13486733.333333334,143609.57496666667,0,4,4,142.0,150,0,4,138.0
2018-09-01,,,,0,0,0,0.0,0,0,0,0.0
2018-09-02,,,,0,0,0,0.0,0,0,0,0.0
2018-09-03,,,,0,0,0,0.0,0,0,0,0.0
2018-09-04,106.44623439153445,19324089.947089948,205714.3397619047,7,5,3,181.0,189,2,3,176.0
2018-09-05,106.66837389999993,17185965.0,183441.99113999997,1,2,0,198.0,200,2,0,196.0
2018-09-06,106.52736231481468,19049912.037037037,202963.6337256945,6,14,10,192.0,216,4,10,178.0
2018-09-07,106.47874416107379,17117114.09395973,182328.0312087248,4,2,2,145.0,149,0,2,143.0
2018-09-08,,,,0,0,0,0.0,0,0,0,0.0
2018-09-09,,,,0,0,0,0.0,0,0,0,0.0
2018-09-10,106.94545467980313,16354679.802955665,174969.82711822656,1,15,10,178.0,203,5,10,163.0
2018-09-11,107.00679811594202,18647246.376811594,199530.55528985505,2,7,7,124.0,138,0,7,117.0
2018-09-12,107.00332503144656,18363522.012578618,196604.21520503148,1,0,0,159.0,159,0,0,159.0
2018-09-13,106.72883972972976,19477459.45945946,208381.64925405406,1,3,3,179.0,185,0,3,176.0
2018-09-14,107.21583210526312,17370197.36842105,186177.68522447374,1,1,0,151.0,152,1,0,150.0
2018-09-15,,,,0,0,0,0.0,0,0,0,0.0
2018-09-16,,,,0,0,0,0.0,0,0,0,0.0
2018-09-17,104.61506180851062,20320199.468085106,206487.6616017287,0,5,2,181.0,188,3,2,176.0
2018-09-18,107.04684913385834,25514960.62992126,273583.09795275587,5,3,1,123.0,127,2,1,120.0
2018-09-19,105.9321240875912,26623883.211678833,282758.36931386864,1,4,2,131.0,137,2,2,127.0
2018-09-20,106.0997493617021,23526489.36170213,249771.9028457446,6,3,3,182.0,188,0,3,179.0
2018-09-21,106.49561305555547,22903375.0,244296.2516145834,2,5,4,135.0,144,1,4,130.0
2018-09-22,,,,0,0,0,0.0,0,0,0,0.0
2018-09-23,,,,0,0,0,0.0,0,0,0,0.0
2018-09-24,106.36563387096766,22700725.80645161,241525.62017741936,1,1,1,122.0,124,0,1,121.0
2018-09-25,107.23140922330094,18560970.87378641,198821.37631262137,2,1,0,102.0,103,1,0,101.0
2018-09-26,106.42007225531913,17874000.0,190741.325406383,2,8,8,219.0,235,0,8,211.0
2018-09-27,107.33357641333353,56455652.666666664,606120.8151264533,239,20,12,718.0,750,8,12,698.0
2018-09-28,107.43601773869338,37172952.26130653,399483.1364710553,68,7,5,386.0,398,2,5,379.0
2018-09-29,,,,0,0,0,0.0,0,0,0,0.0
2018-09-30,,,,0,0,0,0.0,0,0,0,0.0
2018-10-01,107.76766294617552,40399830.50847457,437211.193744051,63,2,1,351.0,353,1,1,349.0
2018-10-02,107.34081248826293,34904267.6056338,375205.8071760563,21,7,2,204.0,213,5,2,197.0
2018-10-03,107.27530855468754,25123242.1875,269964.91960156255,17,5,5,246.0,256,0,5,241.0
2018-10-04,105.87878898823524,28473152.94117647,294853.50696823525,25,4,2,419.0,425,2,2,415.0
2018-10-05,106.82225379652618,25844168.734491315,276369.70978660055,16,3,2,398.0,403,1,2,395.0
2018-10-06,,,,0,0,0,0.0,0,0,0,0.0
2018-10-07,,,,0,0,0,0.0,0,0,0,0.0
2018-10-08,,,,0,0,0,0.0,0,0,0,0.0
2018-10-09,106.63099655629131,24543182.1192053,262026.17065264893,13,5,5,292.0,302,0,5,287.0
2018-10-10,106.27779215238105,24538348.57142857,260984.6792342857,16,5,4,516.0,525,1,4,511.0
2018-10-11,105.98205207386346,22854770.59659091,242300.19767329554,18,30,28,646.0,704,2,28,616.0
2018-10-12,106.15569773333333,24122666.666666668,256224.4722866666,14,15,14,421.0,450,1,14,406.0
2018-10-13,,,,0,0,0,0.0,0,0,0,0.0
2018-10-14,,,,0,0,0,0.0,0,0,0,0.0
2018-10-15,104.39517593103444,23582517.24137931,248871.96442586198,8,9,6,275.0,290,3,6,266.0
2018-10-16,105.94312389380536,19193209.439528022,203629.3965014749,3,6,6,327.0,339,0,6,321.0
2018-10-17,106.29985096209911,27518775.51020408,292590.9854431487,22,7,5,331.0,343,2,5,324.0
2018-10-18,106.63448284090919,21582977.272727273,230111.13730018178,11,18,16,406.0,440,2,16,388.0
2018-10-19,105.7579239710145,22399884.057971016,237182.45409768113,13,10,9,326.0,345,1,9,316.0
2018-10-20,,,,0,0,0,0.0,0,0,0,0.0
2018-10-21,,,,0,0,0,0.0,0,0,0,0.0
2018-10-22,105.68980127490033,21358085.65737052,225914.8570853586,5,7,5,239.0,251,2,5,232.0
2018-10-23,105.14790279720279,22650882.86713287,238229.71267940558,16,7,4,561.0,572,3,4,554.0
2018-10-24,105.20424918544187,22668942.80762565,238683.74784055472,16,18,14,545.0,577,4,14,527.0
2018-10-25,105.1498346911197,22159704.63320463,233102.95298745172,11,10,6,502.0,518,4,6,492.0
2018-10-26,104.80297819253452,21287053.04518664,223111.02145776033,8,4,4,501.0,509,0,4,497.0
2018-10-27,,,,0,0,0,0.0,0,0,0,0.0
2018-10-28,,,,0,0,0,0.0,0,0,0,0.0
2018-10-29,104.93916280098291,20900643.734643735,219472.99105528253,12,18,10,379.0,407,8,10,361.0
2018-10-30,104.75831716763001,20977254.335260116,219629.4198045087,5,12,11,323.0,346,1,11,311.0
2018-10-31,105.33247023255825,20880413.436692506,219967.69989204136,11,15,12,360.0,387,3,12,345.0
2018-11-01,104.93167169191925,18036893.939393938,190299.33149393942,4,30,25,341.0,396,5,25,311.0
2018-11-02,105.54472295399522,18244351.089588378,192417.22753050845,4,29,29,355.0,413,0,29,326.0
2018-11-03,,,,0,0,0,0.0,0,0,0,0.0
2018-11-04,,,,0,0,0,0.0,0,0,0,0.0
2018-11-05,105.53671165467628,19916733.81294964,210227.8588417266,0,3,0,136.0,139,3,0,133.0
2018-11-06,105.7869121327014,21502322.274881516,227712.7855838863,5,5,4,202.0,211,1,4,197.0
2018-11-07,106.26348855491325,22366072.254335262,237786.94751445085,6,17,13,316.0,346,4,13,299.0
2018-11-08,106.16385403361343,20109201.68067227,213591.96634243702,5,3,3,232.0,238,0,3,229.0
2018-11-09,105.71697013513507,20121734.234234232,212515.62850337842,5,17,15,412.0,444,2,15,395.0
2018-11-10,,,,0,0,0,0.0,0,0,0,0.0
2018-11-11,,,,0,0,0,0.0,0,0,0,0.0
2018-11-12,,,,0,0,0,0.0,0,0,0,0.0
2018-11-13,104.46459217391309,24674515.942028984,253303.87387536233,15,9,5,331.0,345,4,5,322.0
2018-11-14,104.69914222444882,21875711.42284569,229110.32326112216,11,11,10,478.0,499,1,10,467.0
2018-11-15,104.19140061657035,22862870.90558767,238277.55577818878,16,3,2,514.0,519,1,2,511.0
2018-11-16,104.02609181240064,22384275.03974563,232826.50263545304,17,11,9,609.0,629,2,9,598.0
2018-11-17,,,,0,0,0,0.0,0,0,0,0.0
2018-11-18,,,,0,0,0,0.0,0,0,0,0.0
2018-11-19,103.74825306451605,18641774.19354839,193476.94131411292,4,10,5,481.0,496,5,5,471.0
2018-11-20,103.34446272277208,20079455.445544556,207407.62275495043,6,13,12,581.0,606,1,12,568.0
2018-11-21,103.9325790250697,20688919.22005571,215147.06444986069,4,6,5,348.0,359,1,5,342.0
2018-11-22,,,,0,0,0,0.0,0,0,0,0.0
2018-11-23,103.33979157894733,12199868.421052631,125889.36011842107,0,10,5,137.0,152,5,5,127.0
2018-11-24,,,,0,0,0,0.0,0,0,0,0.0
2018-11-25,,,,0,0,0,0.0,0,0,0,0.0
2018-11-26,103.75844819112629,22201467.576791808,229780.137215017,7,2,1,290.0,293,1,1,288.0
2018-11-27,103.42720276923087,19095876.923076924,197509.73359323072,1,12,12,302.0,325,0,12,290.0
2018-11-28,103.89511809160315,19614045.801526718,204301.87563549614,9,5,3,516.0,524,2,3,511.0
2018-11-29,104.52352573825503,19548204.697986577,204554.5981728189,7,8,6,284.0,298,2,6,276.0
2018-11-30,106.88196894568698,19205277.955271564,206888.60506437696,3,4,2,307.0,313,2,2,303.0
2018-12-01,,,,0,0,0,0.0,0,0,0,0.0
2018-12-02,,,,0,0,0,0.0,0,0,0,0.0
2018-12-03,104.79548603305784,18487077.134986226,193752.40964421487,8,5,5,353.0,363,0,5,348.0
2018-12-04,104.12514176699035,21163318.446601942,220400.95102679616,9,8,8,499.0,515,0,8,491.0
2018-12-05,,,,0,0,0,0.0,0,0,0,0.0
2018-12-06,103.28803743500866,21999688.041594453,227236.9229166378,12,3,0,574.0,577,3,0,571.0
2018-12-07,103.56639293762571,18011523.138832998,186353.92158742453,2,8,7,482.0,497,1,7,474.0
2018-12-08,,,,0,0,0,0.0,0,0,0,0.0
2018-12-09,,,,0,0,0,0.0,0,0,0,0.0
2018-12-10,102.98821476190477,17756054.421768706,182885.2300235828,3,6,5,430.0,441,1,5,424.0
2018-12-11,103.28279031578955,19091888.42105263,197265.54381210526,9,10,9,456.0,475,1,9,446.0
2018-12-12,103.58700843902444,17542707.31707317,181774.5558878049,2,15,11,384.0,410,4,11,369.0
2018-12-13,103.79220480938413,19281554.252199415,200224.71501906155,2,16,15,310.0,341,1,15,294.0
2018-12-14,103.34508956268216,17196384.839650147,177723.16066997085,5,7,4,332.0,343,3,4,325.0
2018-12-15,,,,0,0,0,0.0,0,0,0,0.0
2018-12-16,,,,0,0,0,0.0,0,0,0,0.0
2018-12-17,103.0523759764705,20617941.17647059,212504.3494188705,16,23,23,379.0,425,0,23,356.0
2018-12-18,102.96514075425783,19798075.06053269,204777.81059416063,6,11,9,393.0,411,2,9,382.0
2018-12-19,102.69537108481259,19694330.70866142,202395.0108291913,14,15,9,484.0,507,6,9,469.0
2018-12-20,101.48851299082578,22726428.57142857,230864.57265596333,16,6,6,534.0,545,0,6,528.0
2018-12-21,102.37347477855478,19564558.139534883,198843.70845072262,5,12,7,411.0,429,5,7,399.0
2018-12-22,,,,0,0,0,0.0,0,0,0,0.0
2018-12-23,,,,0,0,0,0.0,0,0,0,0.0
2018-12-24,100.84458153846154,17574076.923076924,177269.4236153846,1,6,4,120.0,130,2,4,114.0
2018-12-25,,,,0,0,0,0.0,0,0,0,0.0
2018-12-26,101.15590222222218,16605111.111111112,167992.48980000004,2,5,5,215.0,225,0,5,210.0
2018-12-27,101.430470625,18014791.666666668,182905.7011583333,6,11,11,218.0,240,0,11,207.0
2018-12-28,101.86319351955308,21520670.39106145,219540.32854748602,5,4,4,171.0,179,0,4,167.0
2018-12-29,,,,0,0,0,0.0,0,0,0,0.0
2018-12-30,,,,0,0,0,0.0,0,0,0,0.0
2018-12-31,102.04598000000003,22561058.82352941,230215.32790964702,3,0,0,85.0,85,0,0,85.0
2019-01-01,,,,0,0,0,0.0,0,0,0,0.0
2019-01-02,101.672888929504,19216840.731070496,195395.55654569186,7,15,14,354.0,383,1,14,339.0
2019-01-03,101.58758705000015,19161150.0,194924.074524,9,8,6,386.0,400,2,6,378.0
2019-01-04,102.31426543021044,20256959.84703633,207338.2313998087,12,9,6,508.0,523,3,6,499.0
2019-01-05,,,,0,0,0,0.0,0,0,0,0.0
2019-01-06,,,,0,0,0,0.0,0,0,0,0.0
2019-01-07,104.14258331564977,21134323.607427057,218161.97743368693,7,4,4,369.0,377,0,4,365.0
2019-01-08,103.57436336363635,17510227.272727273,181319.8381759091,4,6,5,429.0,440,1,5,423.0
2019-01-09,103.79856813483133,20882247.191011235,216832.41925087638,5,11,9,425.0,445,2,9,414.0
2019-01-10,103.21507814058961,19524829.93197279,202328.30678684812,7,19,16,406.0,441,3,16,387.0
2019-01-11,103.57418372950828,17966106.557377048,186307.99860459013,4,9,7,228.0,244,2,7,219.0
2019-01-12,,,,0,0,0,0.0,0,0,0,0.0
2019-01-13,,,,0,0,0,0.0,0,0,0,0.0
2019-01-14,103.58775772727276,20146611.570247933,208800.46601305788,8,3,3,236.0,242,0,3,233.0
2019-01-15,103.66701542124542,19130769.230769232,198425.07205128204,6,8,4,261.0,273,4,4,253.0
2019-01-16,103.94241156250003,16689406.25,173534.74981675,2,9,7,304.0,320,2,7,295.0
2019-01-17,104.11065545212762,20135212.76595745,209693.33476255328,6,11,10,355.0,376,1,10,344.0
2019-01-18,104.77876012244896,17747346.93877551,185918.92199591832,3,9,7,229.0,245,2,7,220.0
2019-01-19,,,,0,0,0,0.0,0,0,0,0.0
2019-01-20,,,,0,0,0,0.0,0,0,0,0.0
2019-01-21,,,,0,0,0,0.0,0,0,0,0.0
2019-01-22,104.22592910828033,15342324.84076433,159909.81544280256,1,9,8,297.0,314,1,8,288.0
2019-01-23,104.19100595890401,15235821.91780822,158701.61059931506,0,10,8,274.0,292,2,8,264.0
2019-01-24,104.57900407608702,16415760.869565217,171847.45311413045,0,6,4,174.0,184,2,4,168.0
2019-01-25,105.05676416666681,14516666.666666666,152522.0157625,0,12,6,222.0,240,6,6,210.0
2019-01-26,,,,0,0,0,0.0,0,0,0,0.0
2019-01-27,,,,0,0,0,0.0,0,0,0,0.0
2019-01-28,104.77366010471206,14892722.513089005,156119.21748167544,0,2,2,187.0,191,0,2,185.0
2019-01-29,104.90935580246914,13259413.580246914,139041.09160679014,1,8,5,149.0,162,3,5,141.0
2019-01-30,105.29838023809505,16265052.91005291,171289.9054484127,2,14,9,355.0,378,5,9,341.0
2019-01-31,105.79340750000003,21875763.333333332,231625.88599021663,11,6,5,349.0,360,1,5,343.0
2019-02-01,105.68335710526316,19418466.165413532,205087.26393233082,6,6,3,257.0,266,3,3,251.0
2019-02-02,,,,0,0,0,0.0,0,0,0,0.0
2019-02-03,,,,0,0,0,0.0,0,0,0,0.0
2019-02-04,105.6487399056604,18547311.320754718,195573.9142976415,4,6,6,200.0,212,0,6,194.0
2019-02-05,106.26532297777779,19832888.888888888,210779.01093333334,7,7,7,211.0,225,0,7,204.0
2019-02-06,105.93307657777781,19393488.938053098,206045.15973404443,7,3,3,220.0,225,0,3,217.0
2019-02-07,105.48609097435903,17617692.307692308,185921.86701025642,3,22,20,348.0,390,2,20,326.0
2019-02-08,105.25777312252968,19273043.47826087,203035.35864584977,7,13,11,229.0,253,2,11,216.0
2019-02-09,,,,0,0,0,0.0,0,0,0,0.0
2019-02-10,,,,0,0,0,0.0,0,0,0,0.0
2019-02-11,105.47900714285718,12743730.158730159,134572.15388857145,0,3,2,121.0,126,1,2,118.0
2019-02-12,105.84837530973455,21450650.442477874,227169.29514269912,8,8,8,210.0,226,0,8,202.0
2019-02-13,106.03074248888889,19057808.888888888,201836.36696471114,7,8,7,210.0,225,1,7,202.0
2019-02-14,105.76703958579895,18676284.02366864,197461.3588480592,9,10,9,319.0,338,1,9,309.0
2019-02-15,106.23213841121485,14769766.355140187,156907.55180841123,3,14,12,188.0,214,2,12,174.0
2019-02-16,,,,0,0,0,0.0,0,0,0,0.0
2019-02-17,,,,0,0,0,0.0,0,0,0,0.0
2019-02-18,,,,0,0,0,0.0,0,0,0,0.0
2019-02-19,105.9944336571429,17235200.0,182994.43792000005,2,3,3,169.0,175,0,3,166.0
2019-02-20,106.27690267379676,23389893.04812834,248616.2538395722,4,7,6,174.0,187,1,6,167.0
2019-02-21,106.11268795000004,18595850.0,197183.53286250003,2,0,0,200.0,200,0,0,200.0
2019-02-22,106.13518013605442,18304761.904761903,194407.25714285715,3,4,3,140.0,147,1,3,136.0
2019-02-23,,,,0,0,0,0.0,0,0,0,0.0
2019-02-24,,,,0,0,0,0.0,0,0,0,0.0
2019-02-25,106.43934005813952,19471046.51162791,207365.61099418608,1,3,3,166.0,172,0,3,163.0
2019-02-26,106.2780087837838,18857445.945945945,200533.40352027028,0,3,2,143.0,148,1,2,140.0
2019-02-27,106.31432787610625,21568938.053097345,229395.92142831857,5,10,10,206.0,226,0,10,196.0
2019-02-28,106.23192469635629,20013548.387096774,213009.1919473685,4,7,7,234.0,247,0,7,227.0
2019-03-01,105.46390690298519,19800813.43283582,210362.93465820895,5,9,6,253.0,268,3,6,244.0
